ID,Effect[0],Effect[1],Effect[2],EffectPointsMin[0],EffectPointsMin[1],EffectPointsMin[2],EffectPointsMax[0],EffectPointsMax[1],EffectPointsMax[2],EffectArg[0],EffectArg[1],EffectArg[2],Name_lang[0],ItemVisual,Flags
285,1,0,0,100,0,0,100,0,0,8248,0,0,Flametongue Totem 2,0,0
289,3,0,0,0,0,0,0,0,0,7723,0,0,+8 Weapon Fire Damage,0,0
1,3,0,0,0,0,0,0,0,0,15568,0,0,Rockbiter 3,0,0
2,1,0,0,0,0,0,0,0,0,8034,0,0,Frostbrand 1,0,0
4,1,0,0,100,0,0,100,0,0,8028,0,0,Flametongue 2,0,0
8,1,0,0,30,0,0,30,0,0,2819,0,0,Deadly Poison II,0,0
9,1,0,0,30,0,0,30,0,0,2820,0,0,Poison (15 Dmg),0,0
10,1,0,0,30,0,0,30,0,0,2821,0,0,Poison (20 Dmg),0,0
13,2,0,0,3,0,0,3,0,0,0,0,0,Sharpened +3,0,0
15,4,0,0,8,0,0,8,0,0,0,0,0,Reinforced Armor +8,0,0
18,4,0,0,32,0,0,32,0,0,0,0,0,Reinforced Armor +32,0,0
19,2,0,0,2,0,0,2,0,0,0,0,0,Weighted +2,0,0
20,2,0,0,3,0,0,3,0,0,0,0,0,Weighted +3,0,0
23,1,0,0,20,0,0,20,0,0,8692,0,0,Mind-numbing Poison II,0,0
26,1,0,0,10,0,0,10,0,0,205,0,0,Frost Oil,0,0
29,3,0,0,0,0,0,0,0,0,10400,0,0,Rockbiter 1,0,0
30,2,0,0,1,0,0,1,0,0,0,0,0,Scope (+1 Damage),0,0
33,2,0,0,3,0,0,3,0,0,0,0,0,Scope (+3 Damage),0,0
34,3,0,0,0,0,0,0,0,0,7217,0,0,Counterweight +3% Attack Speed,0,0
35,1,0,0,20,0,0,20,0,0,5760,0,0,Mind Numbing Poison,0,0
38,3,0,0,0,0,0,0,0,0,7427,0,0,Defense Skill +3,0,0
40,2,0,0,2,0,0,2,0,0,0,0,0,Sharpened +2,0,0
41,3,0,0,0,0,0,0,0,0,7419,0,0,Health +5,0,0
43,3,0,0,0,0,0,0,0,0,9784,0,0,Iron Spike (8-12),0,0
44,3,0,0,0,0,0,0,0,0,7445,0,0,Absorption (10),0,0
66,3,0,0,0,0,0,0,0,0,7455,0,0,Stamina +1,0,0
67,2,0,0,1,0,0,1,0,0,0,0,0,+1 Damage,0,0
69,3,0,0,0,0,0,0,0,0,7465,0,0,+2 Strength,0,0
71,3,0,0,0,0,0,0,0,0,7477,0,0,+1 Stamina,0,0
72,3,0,0,0,0,0,0,0,0,7478,0,0,+2 Stamina,0,0
73,3,0,0,0,0,0,0,0,0,7479,0,0,+3 Stamina,0,0
75,3,0,0,0,0,0,0,0,0,7472,0,0,+2 Agility,0,0
76,3,0,0,0,0,0,0,0,0,7473,0,0,+3 Agility,0,0
78,2,0,0,3,0,0,3,0,0,0,0,0,+3 Damage,0,0
79,3,0,0,0,0,0,0,0,0,7468,0,0,+1 Intellect,0,0
82,3,0,0,0,0,0,0,0,0,7474,0,0,+1 Spirit,0,0
83,3,0,0,0,0,0,0,0,0,7475,0,0,+2 Spirit,0,0
85,4,0,0,3,0,0,3,0,0,0,0,0,+3 Armor,0,0
86,4,0,0,8,0,0,8,0,0,0,0,0,+8 Armor,0,0
89,4,0,0,16,0,0,16,0,0,0,0,0,+16 Armor,0,0
91,3,0,0,0,0,0,0,0,0,7491,0,0,+5 Agility,0,0
92,3,0,0,0,0,0,0,0,0,7492,0,0,+6 Agility,0,0
95,3,0,0,0,0,0,0,0,0,7495,0,0,+5 Intellect,0,0
97,3,0,0,0,0,0,0,0,0,7497,0,0,+7 Intellect,0,0
98,3,0,0,0,0,0,0,0,0,7498,0,0,+4 Spirit,0,0
99,3,0,0,0,0,0,0,0,0,7499,0,0,+5 Spirit,0,0
101,3,0,0,0,0,0,0,0,0,7501,0,0,+7 Spirit,0,0
104,3,0,0,0,0,0,0,0,0,7504,0,0,+6 Stamina,0,0
105,3,0,0,0,0,0,0,0,0,7505,0,0,+7 Stamina,0,0
107,3,0,0,0,0,0,0,0,0,7507,0,0,+5 Strength,0,0
108,3,0,0,0,0,0,0,0,0,7508,0,0,+6 Strength,0,0
109,3,0,0,0,0,0,0,0,0,7509,0,0,+7 Strength,0,0
112,3,0,0,0,0,0,0,0,0,7514,0,0,Defense +3,0,0
113,3,0,0,0,0,0,0,0,0,7515,0,0,Defense +4,0,0
115,3,0,0,0,0,0,0,0,0,7517,0,0,Defense +6,0,0
194,3,0,0,0,0,0,0,0,0,7596,0,0,+14 Beast Slaying,0,0
198,3,0,0,0,0,0,0,0,0,7600,0,0,Critical Hit +4%,0,0
203,3,0,0,0,0,0,0,0,0,7617,0,0,10% On Get Hit: Shadow Bolt (50 Damage),0,0
204,3,0,0,0,0,0,0,0,0,7618,0,0,10% On Get Hit: Shadow Bolt (60 Damage),0,0
206,3,0,0,0,0,0,0,0,0,7675,0,0,Increases Healing +2,0,0
207,3,0,0,0,0,0,0,0,0,7676,0,0,Increases Healing +4,0,0
208,3,0,0,0,0,0,0,0,0,7677,0,0,Increases Healing +7,0,0
211,3,0,0,0,0,0,0,0,0,7680,0,0,Increases Healing +13,0,0
213,3,0,0,0,0,0,0,0,0,7683,0,0,Increase Fire Effects +1,0,0
214,3,0,0,0,0,0,0,0,0,7684,0,0,Increases Fire Effects +3,0,0
216,3,0,0,0,0,0,0,0,0,7686,0,0,Increases Fire Effects +6,0,0
220,3,0,0,0,0,0,0,0,0,7690,0,0,Increases Nature Effects +1,0,0
221,3,0,0,0,0,0,0,0,0,7691,0,0,Increases Nature Effects +3,0,0
223,3,0,0,0,0,0,0,0,0,7693,0,0,Increases Nature Effects +6,0,0
224,3,0,0,0,0,0,0,0,0,7694,0,0,Increases Nature Effects +7,0,0
227,3,0,0,0,0,0,0,0,0,7697,0,0,Increases Frost Effects +1,0,0
229,3,0,0,0,0,0,0,0,0,7699,0,0,Increases Frost Effects +4,0,0
232,3,0,0,0,0,0,0,0,0,7702,0,0,Increases Frost Effects +9,0,0
236,3,0,0,0,0,0,0,0,0,7706,0,0,Increases Shadow Effects +4,0,0
239,3,0,0,0,0,0,0,0,0,7710,0,0,Increases Shadow Effects +9,0,0
241,2,0,0,2,0,0,2,0,0,0,0,0,Weapon Damage +2,0,0
242,3,0,0,0,0,0,0,0,0,7747,0,0,Health +15,0,0
246,3,0,0,0,0,0,0,0,0,7773,0,0,Mana +20,0,0
247,3,0,0,0,0,0,0,0,0,7778,0,0,Agility +1,0,0
250,2,0,0,1,0,0,1,0,0,0,0,0,Weapon Damage +1 ,0,0
252,3,0,0,0,0,0,0,0,0,7847,0,0,Spirit +6,0,0
253,3,0,0,0,0,0,0,0,0,7849,0,0,Absorption (50),0,0
257,4,0,0,10,0,0,10,0,0,0,0,0,Armor +10,0,0
117,2,0,0,4,0,0,4,0,0,0,0,0,+4 Damage,0,0
132,3,0,0,0,0,0,0,0,0,7529,0,0,Two-Handed Sword Skill +1,0,0
166,3,0,0,0,0,0,0,0,0,7554,0,0,Two-Handed Axe Skill +7,0,0
167,3,0,0,0,0,0,0,0,0,7534,0,0,Dagger Skill +1,0,0
182,3,0,0,0,0,0,0,0,0,7567,0,0,Bow Skill +2,0,0
195,3,0,0,0,0,0,0,0,0,7597,0,0,Critical Hit +1%,0,0
238,3,0,0,0,0,0,0,0,0,7708,0,0,Increases Shadow Effects +7,0,0
256,3,0,0,0,0,0,0,0,0,7852,0,0,+5 Fire Resistance,0,0
143,3,0,0,0,0,0,0,0,0,7546,0,0,Mace Skill +5,0,0
68,3,0,0,0,0,0,0,0,0,7464,0,0,+1 Strength,0,0
263,3,0,0,0,0,0,0,0,0,8082,0,0,Fishing Lure +25,0,0
264,3,0,0,0,0,0,0,0,0,8083,0,0,Fishing Lure +50,0,0
265,3,0,0,0,0,0,0,0,0,8084,0,0,Fishing Lure +75,0,0
199,3,0,0,0,0,0,0,0,0,7601,0,0,10% On Get Hit: Shadow Bolt (10 Damage),0,0
283,1,0,0,20,0,0,20,0,0,8233,0,0,Windfury 1,0,0
284,1,0,0,20,0,0,20,0,0,8236,0,0,Windfury 2,0,0
119,2,0,0,6,0,0,6,0,0,0,0,0,+6 Damage,0,0
121,4,0,0,20,0,0,20,0,0,0,0,0,+20 Armor,0,0
122,4,0,0,24,0,0,24,0,0,0,0,0,+24 Armor,0,0
124,1,0,0,100,0,0,100,0,0,8253,0,0,Flametongue Totem 1,0,0
127,3,0,0,0,0,0,0,0,0,7523,0,0,Sword Skill +3,0,0
128,3,0,0,0,0,0,0,0,0,7524,0,0,Sword Skill +4,0,0
129,3,0,0,0,0,0,0,0,0,7525,0,0,Sword Skill +5,0,0
134,3,0,0,0,0,0,0,0,0,7562,0,0,Two-Handed Sword Skill +3,0,0
137,3,0,0,0,0,0,0,0,0,7565,0,0,Two-Handed Sword Skill +6,0,0
139,3,0,0,0,0,0,0,0,0,7532,0,0,Mace Skill +1,0,0
140,3,0,0,0,0,0,0,0,0,7543,0,0,Mace Skill +2,0,0
141,3,0,0,0,0,0,0,0,0,7544,0,0,Mace Skill +3,0,0
148,3,0,0,0,0,0,0,0,0,7556,0,0,Two-Handed Mace Skill +3,0,0
150,3,0,0,0,0,0,0,0,0,7558,0,0,Two-Handed Mace Skill +5,0,0
151,3,0,0,0,0,0,0,0,0,7559,0,0,Two-Handed Mace Skill +6,0,0
154,3,0,0,0,0,0,0,0,0,7537,0,0,Axe Skill +2,0,0
155,3,0,0,0,0,0,0,0,0,7538,0,0,Axe Skill +3,0,0
156,3,0,0,0,0,0,0,0,0,7539,0,0,Axe Skill +4,0,0
158,3,0,0,0,0,0,0,0,0,7541,0,0,Ase Skill +6,0,0
161,3,0,0,0,0,0,0,0,0,7531,0,0,Two-Handed Axe Skill +2,0,0
162,3,0,0,0,0,0,0,0,0,7550,0,0,Two-Handed Axe Skill +3,0,0
163,3,0,0,0,0,0,0,0,0,7551,0,0,Two-Handed Axe Skill +4,0,0
169,3,0,0,0,0,0,0,0,0,7574,0,0,Dagger Skill +3,0,0
171,3,0,0,0,0,0,0,0,0,7576,0,0,Dagger Skill +5,0,0
172,3,0,0,0,0,0,0,0,0,7577,0,0,Dagger Skill +6,0,0
409,3,0,0,0,0,0,0,0,0,9264,0,0,+13 Stamina,0,0
411,3,0,0,0,0,0,0,0,0,9265,0,0,+14 Stamina,0,0
412,3,0,0,0,0,0,0,0,0,9267,0,0,+14 Strength,0,0
429,3,0,0,0,0,0,0,0,0,9398,0,0,Increase Spell Damage +8,0,0
431,3,0,0,0,0,0,0,0,0,9416,0,0,Increase Spell Damage +11,0,0
432,3,0,0,0,0,0,0,0,0,9417,0,0,Increase Spell Damage +12,0,0
439,3,0,0,0,0,0,0,0,0,9404,0,0,Increases Frost Effects +14,0,0
484,2,0,0,6,0,0,6,0,0,0,0,0,Weighted +6,0,0
523,1,0,0,100,0,0,100,0,0,10445,0,0,Flametongue 4,0,0
623,1,0,0,20,0,0,20,0,0,11335,0,0,Instant Poison IV,0,0
624,1,0,0,20,0,0,20,0,0,11336,0,0,Instant Poison V,0,0
626,1,0,0,30,0,0,30,0,0,11353,0,0,Deadly Poison III,0,0
663,2,0,0,5,0,0,5,0,0,0,0,0,Scope (+5 Damage),0,0
703,1,0,0,30,0,0,30,0,0,13218,0,0,Wound Poison,0,0
704,1,0,0,30,0,0,30,0,0,13222,0,0,Wound Poison II,0,0
706,1,0,0,30,0,0,30,0,0,13224,0,0,Wound Poison IV,0,0
142,3,0,0,0,0,0,0,0,0,7545,0,0,Mace Skill +4,0,0
147,3,0,0,0,0,0,0,0,0,7555,0,0,Two-Handed Mace Skill +2,0,0
266,3,0,0,0,0,0,0,0,0,8085,0,0,Fishing Lure +100,0,0
200,3,0,0,0,0,0,0,0,0,7614,0,0,10% On Get Hit: Shadow Bolt (20 Damage),0,0
288,3,0,0,0,0,0,0,0,0,7722,0,0,+6 Weapon Fire Damage,0,0
7,1,0,0,30,0,0,30,0,0,2818,0,0,Deadly Poison,0,0
11,1,0,0,30,0,0,30,0,0,2822,0,0,Poison (25 Dmg),0,0
14,2,0,0,4,0,0,4,0,0,0,0,0,Sharpened +4,0,0
173,3,0,0,0,0,0,0,0,0,7578,0,0,Dagger Skill +7,0,0
176,3,0,0,0,0,0,0,0,0,7580,0,0,Gun Skill +3,0,0
178,3,0,0,0,0,0,0,0,0,7582,0,0,Gun Skill +5,0,0
184,3,0,0,0,0,0,0,0,0,7569,0,0,Bow Skill +4,0,0
185,3,0,0,0,0,0,0,0,0,7570,0,0,Bow Skill +5,0,0
187,3,0,0,0,0,0,0,0,0,7572,0,0,Bow Skill +7,0,0
188,3,0,0,0,0,0,0,0,0,7590,0,0,+2 Beast Slaying,0,0
191,3,0,0,0,0,0,0,0,0,7593,0,0,+8 Beast Slaying,0,0
192,3,0,0,0,0,0,0,0,0,7594,0,0,+10 Beast Slaying,0,0
372,3,0,0,0,0,0,0,0,0,9123,0,0,+12 Strength,0,0
383,4,0,0,52,0,0,52,0,0,0,0,0,+52 Armor,0,0
384,4,0,0,56,0,0,56,0,0,0,0,0,+56 Armor,0,0
385,4,0,0,60,0,0,60,0,0,0,0,0,+60 Armor,0,0
389,4,0,0,87,0,0,88,0,0,0,0,0,+19 Armor,0,0
423,3,0,0,0,0,0,0,0,0,9392,0,0,Increase Spell Damage +1,0,0
425,3,0,0,0,0,0,0,0,0,9394,0,0,Increase Spell Damage +4,0,0
426,3,0,0,0,0,0,0,0,0,9395,0,0,Increase Spell Damage +5,0,0
433,3,0,0,0,0,0,0,0,0,9399,0,0,Increase Fire Damage +11,0,0
435,3,0,0,0,0,0,0,0,0,9401,0,0,Increases Fire Damage +14,0,0
436,3,0,0,0,0,0,0,0,0,9405,0,0,Critical Hit +5%,0,0
437,3,0,0,0,0,0,0,0,0,9402,0,0,Increases Frost Effects +11,0,0
438,3,0,0,0,0,0,0,0,0,9403,0,0,Increases Frost Effects +13,0,0
440,3,0,0,0,0,0,0,0,0,9406,0,0,Increases Healing +12,0,0
441,3,0,0,0,0,0,0,0,0,9407,0,0,Increases Healing +20,0,0
445,3,0,0,0,0,0,0,0,0,9411,0,0,Increases Nature Effects +14,0,0
446,3,0,0,0,0,0,0,0,0,9412,0,0,Increases Shadow Effects +11,0,0
447,3,0,0,0,0,0,0,0,0,9413,0,0,Increases Shadow Effects +13,0,0
463,3,0,0,0,0,0,0,0,0,9782,0,0,Mithril Spike (16-20),0,0
483,2,0,0,6,0,0,6,0,0,0,0,0,Sharpened +6,0,0
503,3,0,0,0,0,0,0,0,0,15569,0,0,Rockbiter 4,0,0
351,3,0,0,0,0,0,0,0,0,9109,0,0,+8 Spirit,0,0
354,3,0,0,0,0,0,0,0,0,9105,0,0,+9 Intellect,0,0
358,3,0,0,0,0,0,0,0,0,9100,0,0,+10 Agility,0,0
361,3,0,0,0,0,0,0,0,0,9117,0,0,+10 Stamina,0,0
543,1,0,0,100,0,0,100,0,0,10523,0,0,Flametongue Totem 3,0,0
563,1,0,0,20,0,0,20,0,0,10608,0,0,Windfury Totem 2,0,0
583,3,3,0,0,0,0,0,0,0,7471,7474,0,+1 Agility / +1 Spirit,0,0
587,3,3,0,0,0,0,0,0,0,7468,7474,0,+1 Intellect / +1 Spirit,0,0
588,3,3,0,0,0,0,0,0,0,7468,7477,0,+1 Intellect / +1 Stamina,0,0
590,3,3,0,0,0,0,0,0,0,7474,7477,0,+1 Spirit / +1 Stamina,0,0
591,3,3,0,0,0,0,0,0,0,7474,7464,0,+1 Spirit / +1 Strength,0,0
664,2,0,0,7,0,0,7,0,0,0,0,0,Scope (+7 Damage),0,0
365,3,0,0,0,0,0,0,0,0,9112,0,0,+11 Spirit,0,0
368,3,0,0,0,0,0,0,0,0,9102,0,0,+12 Agility,0,0
371,3,0,0,0,0,0,0,0,0,9119,0,0,+12 Stamina,0,0
403,3,0,0,0,0,0,0,0,0,9258,0,0,+13 Agility,0,0
406,3,0,0,0,0,0,0,0,0,9261,0,0,+14 Intellect,0,0
410,3,0,0,0,0,0,0,0,0,9266,0,0,+13 Strength,0,0
424,3,0,0,0,0,0,0,0,0,9393,0,0,Increase Spell Damage +2,0,0
430,3,0,0,0,0,0,0,0,0,9415,0,0,Increase Spell Damage +9,0,0
434,3,0,0,0,0,0,0,0,0,9400,0,0,Increase Fire Damage +13,0,0
193,3,0,0,0,0,0,0,0,0,7595,0,0,+12 Beast Slaying,0,0
201,3,0,0,0,0,0,0,0,0,7615,0,0,10% On Get Hit: Shadow Bolt (30 Damage),0,0
234,3,0,0,0,0,0,0,0,0,7704,0,0,Increases Shadow Effects +1,0,0
524,1,0,0,0,0,0,0,0,0,10458,0,0,Frostbrand 3,0,0
235,3,0,0,0,0,0,0,0,0,7705,0,0,Increases Shadow Effects +3,0,0
286,3,0,0,0,0,0,0,0,0,7711,0,0,+2 Weapon Fire Damage,0,0
683,3,0,0,0,0,0,0,0,0,16312,0,0,Rockbiter 6,0,0
684,3,0,0,0,0,0,0,0,0,13198,0,0,+15 Strength,0,0
240,3,0,0,0,0,0,0,0,0,7709,0,0,Increases Shadow Effects +10,0,0
243,3,0,0,0,0,0,0,0,0,7456,0,0,Spirit +1,0,0
245,4,0,0,5,0,0,5,0,0,0,0,0,Armor +5,0,0
248,3,0,0,0,0,0,0,0,0,7780,0,0,Strength +1,0,0
249,3,0,0,0,0,0,0,0,0,7784,0,0,Beastslaying +2,0,0
251,3,0,0,0,0,0,0,0,0,7792,0,0,Intellect +1,0,0
254,3,0,0,0,0,0,0,0,0,7850,0,0,Health +25,0,0
255,3,0,0,0,0,0,0,0,0,7851,0,0,Spirit +3,0,0
133,3,0,0,0,0,0,0,0,0,7561,0,0,Two-Handed Sword Skill +2,0,0
196,3,0,0,0,0,0,0,0,0,7598,0,0,Critical Hit +2%,0,0
219,3,0,0,0,0,0,0,0,0,7689,0,0,Increases Fire Damage +10,0,0
5,1,0,0,100,0,0,100,0,0,8026,0,0,Flametongue 1,0,0
3,1,0,0,100,0,0,100,0,0,8029,0,0,Flametongue 3,0,0
12,1,0,0,0,0,0,0,0,0,8037,0,0,Frostbrand 2,0,0
16,4,0,0,16,0,0,16,0,0,0,0,0,Reinforced Armor +16,0,0
24,3,0,0,0,0,0,0,0,0,7442,0,0,Mana +5,0,0
31,3,0,0,0,0,0,0,0,0,7433,0,0,Beastslaying +4,0,0
37,3,0,0,0,0,0,0,0,0,7219,0,0,Weapon Chain - Immune Disarm,0,0
39,3,0,0,0,0,0,0,0,0,0,0,0,Sharpened +1,0,0
42,1,0,0,10,0,0,30,0,0,6647,0,0,Poison (Instant 20),0,0
525,1,0,0,20,0,0,20,0,0,10484,0,0,Windfury 3,0,0
63,3,0,0,0,0,0,0,0,0,7446,0,0,Absorption (25),0,0
65,3,0,0,0,0,0,0,0,0,7452,0,0,+1 All Resistances,0,0
70,3,0,0,0,0,0,0,0,0,7466,0,0,+3 Strength,0,0
74,3,0,0,0,0,0,0,0,0,7471,0,0,+1 Agility,0,0
81,3,0,0,0,0,0,0,0,0,7470,0,0,+3 Intellect,0,0
87,4,0,0,12,0,0,12,0,0,0,0,0,+12 Armor,0,0
93,3,0,0,0,0,0,0,0,0,7493,0,0,+7 Agility,0,0
102,3,0,0,0,0,0,0,0,0,7502,0,0,+4 Stamina,0,0
111,3,0,0,0,0,0,0,0,0,7513,0,0,Defense +2,0,0
116,3,0,0,0,0,0,0,0,0,7518,0,0,Defense +7,0,0
125,3,0,0,0,0,0,0,0,0,7520,0,0,Sword Skill +1,0,0
131,3,0,0,0,0,0,0,0,0,7527,0,0,Sword Skill +7,0,0
136,3,0,0,0,0,0,0,0,0,7564,0,0,Two-Handed Sword Skill +5,0,0
138,3,0,0,0,0,0,0,0,0,7566,0,0,Two-Handed Sword Skill +7,0,0
144,3,0,0,0,0,0,0,0,0,7547,0,0,Mace Skill +6,0,0
146,3,0,0,0,0,0,0,0,0,7533,0,0,Two-Handed Mace Skill +1,0,0
149,3,0,0,0,0,0,0,0,0,7557,0,0,Two-Handed Mace Skill +4,0,0
152,3,0,0,0,0,0,0,0,0,7560,0,0,Two-Handed Mace Skill +7,0,0
17,4,0,0,24,0,0,24,0,0,0,0,0,Reinforced Armor +24,0,0
22,1,0,0,30,0,0,30,0,0,3409,0,0,Crippling Poison,0,0
25,1,0,0,15,0,0,15,0,0,705,0,0,Shadow Oil,0,0
28,3,0,0,0,0,0,0,0,0,7438,0,0,+4 All Resistances,0,0
36,1,0,0,15,0,0,15,0,0,6297,0,0,Enchant: Fire,0,0
77,2,0,0,2,0,0,2,0,0,0,0,0,+2 Damage,0,0
80,3,0,0,0,0,0,0,0,0,7469,0,0,+2 Intellect,0,0
84,3,0,0,0,0,0,0,0,0,7476,0,0,+3 Spirit,0,0
88,0,0,0,0,0,0,0,0,0,0,0,0,,0,0
325,1,0,0,20,0,0,20,0,0,8689,0,0,Instant Poison III,0,0
427,3,0,0,0,0,0,0,0,0,9396,0,0,Increase Spell Damage +6,0,0
444,3,0,0,0,0,0,0,0,0,9410,0,0,Increases Nature Effects +13,0,0
603,1,0,0,30,0,0,30,0,0,11201,0,0,Crippling Poison II,0,0
90,3,0,0,0,0,0,0,0,0,7490,0,0,+4 Agility,0,0
94,3,0,0,0,0,0,0,0,0,7494,0,0,+4 Intellect,0,0
96,3,0,0,0,0,0,0,0,0,7496,0,0,+6 Intellect,0,0
100,3,0,0,0,0,0,0,0,0,7500,0,0,+6 Spirit,0,0
106,3,0,0,0,0,0,0,0,0,7506,0,0,+4 Strength,0,0
110,3,0,0,0,0,0,0,0,0,7511,0,0,+1 Defense,0,0
114,3,0,0,0,0,0,0,0,0,7516,0,0,Defense +5,0,0
120,2,0,0,7,0,0,7,0,0,0,0,0,+7 Damage,0,0
123,4,0,0,28,0,0,28,0,0,0,0,0,+28 Armor,0,0
126,3,0,0,0,0,0,0,0,0,7522,0,0,Sword Skill +2,0,0
130,3,0,0,0,0,0,0,0,0,7526,0,0,Sword Skill +6,0,0
135,3,0,0,0,0,0,0,0,0,7563,0,0,Two-Handed Sword Skill +4,0,0
157,3,0,0,0,0,0,0,0,0,7540,0,0,Axe Skill +5,0,0
160,3,0,0,0,0,0,0,0,0,7549,0,0,Two-Handed Axe Skill +1,0,0
153,3,0,0,0,0,0,0,0,0,7530,0,0,Axe Skill +1,0,0
159,3,0,0,0,0,0,0,0,0,7542,0,0,Axe Skill +7,0,0
165,3,0,0,0,0,0,0,0,0,7553,0,0,Two-Handed Axe Skill +6,0,0
175,3,0,0,0,0,0,0,0,0,7579,0,0,Gun Skill +2,0,0
183,3,0,0,0,0,0,0,0,0,7568,0,0,Bow Skill +3,0,0
189,3,0,0,0,0,0,0,0,0,7591,0,0,+4 Beast Slaying,0,0
290,3,0,0,0,0,0,0,0,0,7724,0,0,+10 Weapon Fire Damage,0,0
291,3,0,0,0,0,0,0,0,0,7725,0,0,+12 Weapon Fire Damage,0,0
292,3,0,0,0,0,0,0,0,0,7726,0,0,+14 Weapon Fire Damage,0,0
564,1,0,0,20,0,0,20,0,0,10610,0,0,Windfury Totem 3,0,0
584,3,3,0,0,0,0,0,0,0,7471,7468,0,+1 Agility / +1 Intellect,0,0
625,1,0,0,20,0,0,20,0,0,11337,0,0,Instant Poison VI,0,0
197,3,0,0,0,0,0,0,0,0,7599,0,0,Critical Hit +3%,0,0
202,3,0,0,0,0,0,0,0,0,7616,0,0,10% On Get Hit: Shadow Bolt (40 Damage),0,0
205,3,0,0,0,0,0,0,0,0,7619,0,0,10% On Get Hit: Shadow Bolt (70 Damage),0,0
209,3,0,0,0,0,0,0,0,0,7678,0,0,Increases Healing +9,0,0
212,3,0,0,0,0,0,0,0,0,7681,0,0,Increases Healing +15,0,0
215,3,0,0,0,0,0,0,0,0,7685,0,0,Increases Fire Effects +4,0,0
218,3,0,0,0,0,0,0,0,0,7688,0,0,Increases Fire Damage +9,0,0
222,3,0,0,0,0,0,0,0,0,7692,0,0,Increases Nature Effects +4,0,0
225,3,0,0,0,0,0,0,0,0,7695,0,0,Increases Nature Effects +9,0,0
228,3,0,0,0,0,0,0,0,0,7698,0,0,Increases Frost Effects +3,0,0
442,3,0,0,0,0,0,0,0,0,9408,0,0,Increases Healing +22,0,0
448,3,0,0,0,0,0,0,0,0,9414,0,0,Increases Shadow Effects +14,0,0
118,2,0,0,5,0,0,5,0,0,0,0,0,+5 Damage,0,0
145,3,0,0,0,0,0,0,0,0,7548,0,0,Mace Skill +7,0,0
181,3,0,0,0,0,0,0,0,0,7535,0,0,Bow Skill +1,0,0
303,0,0,0,0,0,0,0,0,0,0,0,0,Orb of Fire,0,0
323,1,0,0,20,0,0,20,0,0,8680,0,0,Instant Poison,0,0
343,3,0,0,0,0,0,0,0,0,9098,0,0,+8 Agility,0,0
345,4,0,0,40,0,0,40,0,0,0,0,0,+40 Armor,0,0
346,4,0,0,36,0,0,36,0,0,0,0,0,+36 Armor,0,0
347,4,0,0,44,0,0,44,0,0,0,0,0,+44 Armor,0,0
350,3,0,0,0,0,0,0,0,0,9104,0,0,+8 Intellect,0,0
352,3,0,0,0,0,0,0,0,0,9103,0,0,+8 Strength,0,0
353,3,0,0,0,0,0,0,0,0,9114,0,0,+8 Stamina,0,0
355,3,0,0,0,0,0,0,0,0,9110,0,0,+9 Spirit,0,0
356,3,0,0,0,0,0,0,0,0,9115,0,0,+9 Stamina,0,0
359,3,0,0,0,0,0,0,0,0,9106,0,0,+10 Intellect,0,0
360,3,0,0,0,0,0,0,0,0,9111,0,0,+10 Spirit,0,0
363,3,0,0,0,0,0,0,0,0,9101,0,0,+11 Agility,0,0
366,3,0,0,0,0,0,0,0,0,9118,0,0,+11 Stamina,0,0
367,3,0,0,0,0,0,0,0,0,9122,0,0,+11 Strength,0,0
369,3,0,0,0,0,0,0,0,0,9108,0,0,+12 Intellect,0,0
370,3,0,0,0,0,0,0,0,0,9113,0,0,+12 Spirit,0,0
386,4,0,0,79,0,0,81,0,0,0,0,0,+16 Armor,0,0
388,4,0,0,84,0,0,85,0,0,0,0,0,+18 Armor,0,0
404,3,0,0,0,0,0,0,0,0,9259,0,0,+14 Agility,0,0
405,3,0,0,0,0,0,0,0,0,9260,0,0,+13 Intellect,0,0
408,3,0,0,0,0,0,0,0,0,9263,0,0,+14 Spirit,0,0
1160,3,0,0,0,0,0,0,0,0,14453,0,0,+31 Spirit,0,0
1161,3,0,0,0,0,0,0,0,0,14454,0,0,+32 Spirit,0,0
1162,3,0,0,0,0,0,0,0,0,14455,0,0,+33 Spirit,0,0
1163,3,0,0,0,0,0,0,0,0,14456,0,0,+34 Spirit,0,0
1166,3,0,0,0,0,0,0,0,0,14459,0,0,+38 Spirit,0,0
1168,3,0,0,0,0,0,0,0,0,14461,0,0,+40 Spirit,0,0
1183,3,0,0,0,0,0,0,0,0,14934,0,0,+35 Spirit,0,0
1204,3,0,0,0,0,0,0,0,0,14960,0,0,+42 Strength,0,0
1206,3,0,0,0,0,0,0,0,0,14962,0,0,+44 Strength,0,0
1207,3,0,0,0,0,0,0,0,0,14963,0,0,+45 Strength,0,0
1210,3,0,0,0,0,0,0,0,0,14954,0,0,+42 Stamina,0,0
1213,3,0,0,0,0,0,0,0,0,14957,0,0,+45 Stamina,0,0
1219,3,0,0,0,0,0,0,0,0,14939,0,0,+45 Agility,0,0
1221,3,0,0,0,0,0,0,0,0,14941,0,0,+41 Intellect,0,0
1222,3,0,0,0,0,0,0,0,0,14942,0,0,+42 Intellect,0,0
1223,3,0,0,0,0,0,0,0,0,14943,0,0,+43 Intellect,0,0
1224,3,0,0,0,0,0,0,0,0,14944,0,0,+44 Intellect,0,0
1227,3,0,0,0,0,0,0,0,0,14947,0,0,+41 Spirit,0,0
1228,3,0,0,0,0,0,0,0,0,14948,0,0,+42 Spirit,0,0
1229,3,0,0,0,0,0,0,0,0,14949,0,0,+43 Spirit,0,0
1231,3,0,0,0,0,0,0,0,0,14951,0,0,+45 Spirit,0,0
1244,3,0,0,0,0,0,0,0,0,14704,0,0,+2 Arcane Resistance,0,0
723,3,0,0,0,0,0,0,0,0,13363,0,0,Intellect +3,0,0
943,2,0,0,3,0,0,3,0,0,0,0,0,Weapon Damage +3,0,0
1246,3,0,0,0,0,0,0,0,0,14706,0,0,+4 Arcane Resistance,0,0
1247,3,0,0,0,0,0,0,0,0,14707,0,0,+5 Arcane Resistance,0,0
1248,3,0,0,0,0,0,0,0,0,14708,0,0,+6 Arcane Resistance,0,0
1252,3,0,0,0,0,0,0,0,0,14712,0,0,+10 Arcane Resistance,0,0
1257,3,0,0,0,0,0,0,0,0,14717,0,0,+15 Arcane Resistance,0,0
1260,3,0,0,0,0,0,0,0,0,14720,0,0,+18 Arcane Resistance,0,0
164,3,0,0,0,0,0,0,0,0,7552,0,0,Two-Handed Axe Skill +5,0,0
170,3,0,0,0,0,0,0,0,0,7575,0,0,Dagger Skill +4,0,0
174,3,0,0,0,0,0,0,0,0,7536,0,0,Gun Skill +1,0,0
177,3,0,0,0,0,0,0,0,0,7581,0,0,Gun Skill +4,0,0
180,3,0,0,0,0,0,0,0,0,7584,0,0,Gun Skill +7,0,0
186,3,0,0,0,0,0,0,0,0,7571,0,0,Bow Skill +6,0,0
190,3,0,0,0,0,0,0,0,0,7592,0,0,+6 Beast Slaying,0,0
344,4,0,0,32,0,0,32,0,0,0,0,0,+32 Armor,0,0
1302,3,0,0,0,0,0,0,0,0,14553,0,0,+14 Frost Resistance,0,0
1304,3,0,0,0,0,0,0,0,0,14556,0,0,+16 Frost Resistance,0,0
1306,3,0,0,0,0,0,0,0,0,14580,0,0,+18 Frost Resistance,0,0
1307,3,0,0,0,0,0,0,0,0,14558,0,0,+19 Frost Resistance,0,0
1310,3,0,0,0,0,0,0,0,0,14561,0,0,+22 Frost Resistance,0,0
1311,3,0,0,0,0,0,0,0,0,14562,0,0,+23 Frost Resistance,0,0
1312,3,0,0,0,0,0,0,0,0,14581,0,0,+24 Frost Resistance,0,0
1315,3,0,0,0,0,0,0,0,0,14566,0,0,+27 Frost Resistance,0,0
1318,3,0,0,0,0,0,0,0,0,14569,0,0,+30 Frost Resistance,0,0
1319,3,0,0,0,0,0,0,0,0,14570,0,0,+31 Frost Resistance,0,0
1320,3,0,0,0,0,0,0,0,0,14571,0,0,+32 Frost Resistance,0,0
1321,3,0,0,0,0,0,0,0,0,14572,0,0,+33 Frost Resistance,0,0
1324,3,0,0,0,0,0,0,0,0,14575,0,0,+36 Frost Resistance,0,0
1326,3,0,0,0,0,0,0,0,0,14577,0,0,+38 Frost Resistance,0,0
1329,3,0,0,0,0,0,0,0,0,14977,0,0,+41 Frost Resistance,0,0
1331,3,0,0,0,0,0,0,0,0,14979,0,0,+43 Frost Resistance,0,0
1333,3,0,0,0,0,0,0,0,0,14981,0,0,+45 Frost Resistance,0,0
1336,3,0,0,0,0,0,0,0,0,14582,0,0,+2 Fire Resistance,0,0
1424,3,0,0,0,0,0,0,0,0,14987,0,0,+44 Nature Resistance,0,0
1429,3,0,0,0,0,0,0,0,0,14666,0,0,+3 Shadow Resistance,0,0
1430,3,0,0,0,0,0,0,0,0,14667,0,0,+4 Shadow Resistance,0,0
1432,3,0,0,0,0,0,0,0,0,14669,0,0,+6 Shadow Resistance,0,0
1433,3,0,0,0,0,0,0,0,0,14670,0,0,+7 Shadow Resistance,0,0
1437,3,0,0,0,0,0,0,0,0,14674,0,0,+11 Shadow Resistance,0,0
1439,3,0,0,0,0,0,0,0,0,14676,0,0,+13 Shadow Resistance,0,0
1441,3,0,0,0,0,0,0,0,0,14678,0,0,+15 Shadow Resistance,0,0
1443,3,0,0,0,0,0,0,0,0,14680,0,0,+17 Shadow Resistance,0,0
1445,3,0,0,0,0,0,0,0,0,14682,0,0,+19 Shadow Resistance,0,0
1447,3,0,0,0,0,0,0,0,0,14684,0,0,+21 Shadow Resistance,0,0
1448,3,0,0,0,0,0,0,0,0,14685,0,0,+22 Shadow Resistance,0,0
805,2,0,0,4,0,0,4,0,0,0,0,0,Weapon Damage +4,0,0
864,2,0,0,4,0,0,4,0,0,0,0,0,Weapon Damage +4,0,0
904,3,0,0,0,0,0,0,0,0,13365,0,0,Agility +5,0,0
1003,1,0,0,20,0,0,20,0,0,14795,0,0,Venomhide Poison,0,0
1043,3,0,0,0,0,0,0,0,0,14488,0,0,+16 Strength,0,0
1044,3,0,0,0,0,0,0,0,0,14489,0,0,+17 Strength,0,0
1068,3,0,0,0,0,0,0,0,0,14462,0,0,+15 Stamina,0,0
1073,3,0,0,0,0,0,0,0,0,14467,0,0,+20 Stamina,0,0
1074,3,0,0,0,0,0,0,0,0,14468,0,0,+21 Stamina,0,0
1076,3,0,0,0,0,0,0,0,0,14470,0,0,+23 Stamina,0,0
1079,3,0,0,0,0,0,0,0,0,14473,0,0,+26 Stamina,0,0
1081,3,0,0,0,0,0,0,0,0,14475,0,0,+28 Stamina,0,0
1082,3,0,0,0,0,0,0,0,0,14476,0,0,+29 Stamina,0,0
1083,3,0,0,0,0,0,0,0,0,14477,0,0,+30 Stamina,0,0
1084,3,0,0,0,0,0,0,0,0,14478,0,0,+31 Stamina,0,0
1086,3,0,0,0,0,0,0,0,0,14480,0,0,+33 Stamina,0,0
1088,3,0,0,0,0,0,0,0,0,14482,0,0,+35 Stamina,0,0
1089,3,0,0,0,0,0,0,0,0,14483,0,0,+36 Stamina,0,0
1090,3,0,0,0,0,0,0,0,0,14484,0,0,+37 Stamina,0,0
1092,3,0,0,0,0,0,0,0,0,14486,0,0,+39 Stamina,0,0
1093,3,0,0,0,0,0,0,0,0,14487,0,0,+40 Stamina,0,0
1097,3,0,0,0,0,0,0,0,0,14384,0,0,+20 Agility,0,0
1100,3,0,0,0,0,0,0,0,0,14387,0,0,+23 Agility,0,0
1103,3,0,0,0,0,0,0,0,0,14390,0,0,+26 Agility,0,0
1107,3,0,0,0,0,0,0,0,0,14394,0,0,+30 Agility,0,0
1108,3,0,0,0,0,0,0,0,0,14395,0,0,+31 Agility,0,0
1109,3,0,0,0,0,0,0,0,0,14396,0,0,+32 Agility,0,0
1110,3,0,0,0,0,0,0,0,0,14397,0,0,+33 Agility,0,0
1112,3,0,0,0,0,0,0,0,0,14399,0,0,+35 Agility,0,0
1113,3,0,0,0,0,0,0,0,0,14400,0,0,+36 Agility,0,0
1116,3,0,0,0,0,0,0,0,0,14403,0,0,+39 Agility,0,0
1118,3,0,0,0,0,0,0,0,0,14405,0,0,+15 Intellect,0,0
1120,3,0,0,0,0,0,0,0,0,14407,0,0,+17 Intellect,0,0
1124,3,0,0,0,0,0,0,0,0,14411,0,0,+21 Intellect,0,0
324,1,0,0,20,0,0,20,0,0,8685,0,0,Instant Poison II,0,0
349,3,0,0,0,0,0,0,0,0,9099,0,0,+9 Agility,0,0
357,3,0,0,0,0,0,0,0,0,9120,0,0,+9 Strength,0,0
364,3,0,0,0,0,0,0,0,0,9107,0,0,+11 Intellect,0,0
407,3,0,0,0,0,0,0,0,0,9262,0,0,+13 Spirit,0,0
428,3,0,0,0,0,0,0,0,0,9397,0,0,Increase Spell Damage +7,0,0
763,3,0,0,0,0,0,0,0,0,13462,0,0,Block +1%,0,0
1023,1,0,0,0,0,0,0,0,0,6347,0,0,Feedback 1,0,0
1046,3,0,0,0,0,0,0,0,0,14491,0,0,+19 Strength,0,0
1047,3,0,0,0,0,0,0,0,0,14492,0,0,+20 Strength,0,0
1050,3,0,0,0,0,0,0,0,0,14495,0,0,+23 Strength,0,0
1051,3,0,0,0,0,0,0,0,0,14496,0,0,+24 Strength,0,0
1052,3,0,0,0,0,0,0,0,0,14497,0,0,+25 Strength,0,0
1338,3,0,0,0,0,0,0,0,0,14584,0,0,+4 Fire Resistance,0,0
1339,3,0,0,0,0,0,0,0,0,14585,0,0,+5 Fire Resistance,0,0
1340,3,0,0,0,0,0,0,0,0,14586,0,0,+6 Fire Resistance,0,0
1346,3,0,0,0,0,0,0,0,0,14592,0,0,+12 Fire Resistance,0,0
1351,3,0,0,0,0,0,0,0,0,14597,0,0,+17 Fire Resistance,0,0
1356,3,0,0,0,0,0,0,0,0,14602,0,0,+22 Fire Resistance,0,0
1358,3,0,0,0,0,0,0,0,0,14604,0,0,+24 Fire Resistance,0,0
1359,3,0,0,0,0,0,0,0,0,14605,0,0,+25 Fire Resistance,0,0
1362,3,0,0,0,0,0,0,0,0,14608,0,0,+28 Fire Resistance,0,0
724,3,0,0,0,0,0,0,0,0,13369,0,0,Stamina +3,0,0
1365,3,0,0,0,0,0,0,0,0,14611,0,0,+31 Fire Resistance,0,0
1366,3,0,0,0,0,0,0,0,0,14612,0,0,+32 Fire Resistance,0,0
1370,3,0,0,0,0,0,0,0,0,14616,0,0,+36 Fire Resistance,0,0
1373,3,0,0,0,0,0,0,0,0,14619,0,0,+39 Fire Resistance,0,0
1374,3,0,0,0,0,0,0,0,0,14620,0,0,+40 Fire Resistance,0,0
1376,3,0,0,0,0,0,0,0,0,14972,0,0,+42 Fire Resistance,0,0
1379,3,0,0,0,0,0,0,0,0,14975,0,0,+45 Fire Resistance,0,0
1380,3,0,0,0,0,0,0,0,0,14976,0,0,+46 Fire Resistance,0,0
1381,3,0,0,0,0,0,0,0,0,14622,0,0,+1 Nature Resistance,0,0
1382,3,0,0,0,0,0,0,0,0,14623,0,0,+2 Nature Resistance,0,0
1383,3,0,0,0,0,0,0,0,0,14624,0,0,+3 Nature Resistance,0,0
1386,3,0,0,0,0,0,0,0,0,14631,0,0,+6 Nature Resistance,0,0
1388,3,0,0,0,0,0,0,0,0,14628,0,0,+8 Nature Resistance,0,0
1390,3,0,0,0,0,0,0,0,0,14630,0,0,+10 Nature Resistance,0,0
1391,3,0,0,0,0,0,0,0,0,14632,0,0,+11 Nature Resistance,0,0
1397,3,0,0,0,0,0,0,0,0,14638,0,0,+17 Nature Resistance,0,0
1398,3,0,0,0,0,0,0,0,0,14639,0,0,+18 Nature Resistance,0,0
1400,3,0,0,0,0,0,0,0,0,14641,0,0,+20 Nature Resistance,0,0
1401,3,0,0,0,0,0,0,0,0,14643,0,0,+21 Nature Resistance,0,0
1407,3,0,0,0,0,0,0,0,0,14649,0,0,+27 Nature Resistance,0,0
1409,3,0,0,0,0,0,0,0,0,14651,0,0,+29 Nature Resistance,0,0
1410,3,0,0,0,0,0,0,0,0,14652,0,0,+30 Nature Resistance,0,0
1416,3,0,0,0,0,0,0,0,0,14658,0,0,+36 Nature Resistance,0,0
1417,3,0,0,0,0,0,0,0,0,14659,0,0,+37 Nature Resistance,0,0
1419,3,0,0,0,0,0,0,0,0,14661,0,0,+39 Nature Resistance,0,0
1420,3,0,0,0,0,0,0,0,0,14662,0,0,+40 Nature Resistance,0,0
743,3,0,0,0,0,0,0,0,0,13418,0,0,Stealth +2,0,0
844,3,0,0,0,0,0,0,0,0,13611,0,0,Mining +2,0,0
850,3,0,0,0,0,0,0,0,0,13639,0,0,Health +35,0,0
851,3,0,0,0,0,0,0,0,0,13368,0,0,Spirit +5,0,0
852,3,0,0,0,0,0,0,0,0,13370,0,0,Stamina +5,0,0
853,3,0,0,0,0,0,0,0,0,13650,0,0,Beastslaying +6,0,0
856,3,0,0,0,0,0,0,0,0,13372,0,0,Strength +5,0,0
857,3,0,0,0,0,0,0,0,0,13664,0,0,Mana +50,0,0
863,3,0,0,0,0,0,0,0,0,13690,0,0,Blocking +2%,0,0
866,3,0,0,0,0,0,0,0,0,13625,0,0,All Stats +2,0,0
884,4,0,0,50,0,0,50,0,0,0,0,0,Armor +50,0,0
911,3,0,0,0,0,0,0,0,0,13889,0,0,Minor Speed Increase,0,0
913,3,0,0,0,0,0,0,0,0,13918,0,0,Mana +65,0,0
924,3,0,0,0,0,0,0,0,0,7427,0,0,Defense +1,0,0
927,3,0,0,0,0,0,0,0,0,13828,0,0,Strength +7,0,0
931,3,0,0,0,0,0,0,0,0,13928,0,0,Attack Speed +1%,0,0
1056,3,0,0,0,0,0,0,0,0,14501,0,0,+29 Strength,0,0
1057,3,0,0,0,0,0,0,0,0,14502,0,0,+30 Strength,0,0
1058,3,0,0,0,0,0,0,0,0,14503,0,0,+31 Strength,0,0
1059,3,0,0,0,0,0,0,0,0,14504,0,0,+32 Strength,0,0
1060,3,0,0,0,0,0,0,0,0,14505,0,0,+33 Strength,0,0
1062,3,0,0,0,0,0,0,0,0,14507,0,0,+35 Strength,0,0
1064,3,0,0,0,0,0,0,0,0,14509,0,0,+37 Strength,0,0
1065,3,0,0,0,0,0,0,0,0,14510,0,0,+38 Strength,0,0
1066,3,0,0,0,0,0,0,0,0,14511,0,0,+39 Strength,0,0
1072,3,0,0,0,0,0,0,0,0,14466,0,0,+19 Stamina,0,0
1075,3,0,0,0,0,0,0,0,0,14469,0,0,+22 Stamina,0,0
1122,3,0,0,0,0,0,0,0,0,14409,0,0,+19 Intellect,0,0
1126,3,0,0,0,0,0,0,0,0,14413,0,0,+23 Intellect,0,0
1130,3,0,0,0,0,0,0,0,0,14417,0,0,+27 Intellect,0,0
1131,3,0,0,0,0,0,0,0,0,14418,0,0,+28 Intellect,0,0
1132,3,0,0,0,0,0,0,0,0,14419,0,0,+29 Intellect,0,0
1136,3,0,0,0,0,0,0,0,0,14423,0,0,+33 Intellect,0,0
1137,3,0,0,0,0,0,0,0,0,14424,0,0,+34 Intellect,0,0
1139,3,0,0,0,0,0,0,0,0,14426,0,0,+36 Intellect,0,0
1140,3,0,0,0,0,0,0,0,0,14427,0,0,+37 Intellect,0,0
963,2,0,0,7,0,0,7,0,0,0,0,0,Weapon Damage +7,0,0
983,3,0,0,0,0,0,0,0,0,14330,0,0,+16 Agility,0,0
1143,3,0,0,0,0,0,0,0,0,14430,0,0,+40 Intellect,0,0
1144,3,0,0,0,0,0,0,0,0,14433,0,0,+15 Spirit,0,0
1146,3,0,0,0,0,0,0,0,0,14436,0,0,+17 Spirit,0,0
1147,3,0,0,0,0,0,0,0,0,14437,0,0,+18 Spirit,0,0
1150,3,0,0,0,0,0,0,0,0,14440,0,0,+21 Spirit,0,0
1151,3,0,0,0,0,0,0,0,0,14441,0,0,+22 Spirit,0,0
1153,3,0,0,0,0,0,0,0,0,14444,0,0,+24 Spirit,0,0
1154,3,0,0,0,0,0,0,0,0,14447,0,0,+25 Spirit,0,0
1155,3,0,0,0,0,0,0,0,0,14448,0,0,+26 Spirit,0,0
1158,3,0,0,0,0,0,0,0,0,14451,0,0,+29 Spirit,0,0
1087,3,0,0,0,0,0,0,0,0,14481,0,0,+34 Stamina,0,0
1095,3,0,0,0,0,0,0,0,0,14371,0,0,+18 Agility,0,0
1105,3,0,0,0,0,0,0,0,0,14392,0,0,+28 Agility,0,0
1114,3,0,0,0,0,0,0,0,0,14401,0,0,+37 Agility,0,0
1125,3,0,0,0,0,0,0,0,0,14412,0,0,+22 Intellect,0,0
909,3,0,0,0,0,0,0,0,0,13839,0,0,Herbalism +5,0,0
1055,3,0,0,0,0,0,0,0,0,14500,0,0,+28 Strength,0,0
1063,3,0,0,0,0,0,0,0,0,14508,0,0,+36 Strength,0,0
1123,3,0,0,0,0,0,0,0,0,14410,0,0,+20 Intellect,0,0
1135,3,0,0,0,0,0,0,0,0,14422,0,0,+32 Intellect,0,0
883,3,0,0,0,0,0,0,0,0,13735,0,0,+15 Agility,0,0
1148,3,0,0,0,0,0,0,0,0,14438,0,0,+19 Spirit,0,0
1157,3,0,0,0,0,0,0,0,0,14450,0,0,+28 Spirit,0,0
1245,3,0,0,0,0,0,0,0,0,14705,0,0,+3 Arcane Resistance,0,0
783,4,0,0,10,0,0,10,0,0,0,0,0,Armor +10,0,0
1251,3,0,0,0,0,0,0,0,0,14711,0,0,+9 Arcane Resistance,0,0
1259,3,0,0,0,0,0,0,0,0,14719,0,0,+17 Arcane Resistance,0,0
1298,3,0,0,0,0,0,0,0,0,14550,0,0,+10 Frost Resistance,0,0
1504,3,0,0,0,0,0,0,0,0,15390,0,0,Armor +125,0,0
1505,3,0,0,0,0,0,0,0,0,15393,0,0,+20 Fire Resistance,0,0
1506,3,0,0,0,0,0,0,0,0,15396,0,0,Strength +8,0,0
1507,3,0,0,0,0,0,0,0,0,15399,0,0,Stamina +8,0,0
1508,3,0,0,0,0,0,0,0,0,15401,0,0,Agility +8,0,0
1510,3,0,0,0,0,0,0,0,0,15405,0,0,Spirit +8,0,0
1523,3,0,0,0,0,0,0,0,0,15408,0,0,MANA/FR +85/14,0,0
1525,3,0,0,0,0,0,0,0,0,15437,0,0,AC/FR +110/14,0,0
1527,3,0,0,0,0,0,0,0,0,15442,0,0,STA/FR +10/14,0,0
1262,3,0,0,0,0,0,0,0,0,14722,0,0,+20 Arcane Resistance,0,0
1263,3,0,0,0,0,0,0,0,0,14723,0,0,+21 Arcane Resistance,0,0
1264,3,0,0,0,0,0,0,0,0,14724,0,0,+22 Arcane Resistance,0,0
1266,3,0,0,0,0,0,0,0,0,14726,0,0,+24 Arcane Resistance,0,0
1269,3,0,0,0,0,0,0,0,0,14729,0,0,+27 Arcane Resistance,0,0
1270,3,0,0,0,0,0,0,0,0,14730,0,0,+28 Arcane Resistance,0,0
1272,3,0,0,0,0,0,0,0,0,14732,0,0,+30 Arcane Resistance,0,0
1277,3,0,0,0,0,0,0,0,0,14737,0,0,+35 Arcane Resistance,0,0
1280,3,0,0,0,0,0,0,0,0,14740,0,0,+38 Arcane Resistance,0,0
1281,3,0,0,0,0,0,0,0,0,14741,0,0,+39 Arcane Resistance,0,0
1283,3,0,0,0,0,0,0,0,0,14965,0,0,+41 Arcane Resistance,0,0
1285,3,0,0,0,0,0,0,0,0,14967,0,0,+43 Arcane Resistance,0,0
1287,3,0,0,0,0,0,0,0,0,14969,0,0,+45 Arcane Resistance,0,0
1290,3,0,0,0,0,0,0,0,0,14542,0,0,+2 Frost Resistance,0,0
1291,3,0,0,0,0,0,0,0,0,14544,0,0,+3 Frost Resistance,0,0
1292,3,0,0,0,0,0,0,0,0,14545,0,0,+4 Frost Resistance,0,0
1296,3,0,0,0,0,0,0,0,0,14548,0,0,+8 Frost Resistance,0,0
1300,3,0,0,0,0,0,0,0,0,14552,0,0,+12 Frost Resistance,0,0
1301,3,0,0,0,0,0,0,0,0,14554,0,0,+13 Frost Resistance,0,0
1783,1,0,0,20,0,0,20,0,0,8516,0,0,Windfury Totem 1,0,0
1823,1,0,0,0,0,0,0,0,0,17933,0,0,Firestone 2,0,0
1438,3,0,0,0,0,0,0,0,0,14675,0,0,+12 Shadow Resistance,0,0
1256,3,0,0,0,0,0,0,0,0,14716,0,0,+14 Arcane Resistance,0,0
586,3,3,0,0,0,0,0,0,0,7471,7464,0,+1 Agility / +1 Strength,0,0
589,3,3,0,0,0,0,0,0,0,7468,7464,0,+1 Intellect / +1 Strength,0,0
1149,3,0,0,0,0,0,0,0,0,14439,0,0,+20 Spirit,0,0
1048,3,0,0,0,0,0,0,0,0,14493,0,0,+21 Strength,0,0
1098,3,0,0,0,0,0,0,0,0,14385,0,0,+21 Agility,0,0
1405,3,0,0,0,0,0,0,0,0,14647,0,0,+25 Nature Resistance,0,0
1106,3,0,0,0,0,0,0,0,0,14393,0,0,+29 Agility,0,0
1133,3,0,0,0,0,0,0,0,0,14420,0,0,+30 Intellect,0,0
1274,3,0,0,0,0,0,0,0,0,14734,0,0,+32 Arcane Resistance,0,0
1464,3,0,0,0,0,0,0,0,0,14700,0,0,+38 Shadow Resistance,0,0
1418,3,0,0,0,0,0,0,0,0,14660,0,0,+38 Nature Resistance,0,0
1328,3,0,0,0,0,0,0,0,0,14579,0,0,+40 Frost Resistance,0,0
1203,3,0,0,0,0,0,0,0,0,14959,0,0,+41 Strength,0,0
1214,3,0,0,0,0,0,0,0,0,14958,0,0,+46 Stamina,0,0
1431,3,0,0,0,0,0,0,0,0,14668,0,0,+5 Shadow Resistance,0,0
1294,3,0,0,0,0,0,0,0,0,14543,0,0,+6 Frost Resistance,0,0
903,3,0,0,0,0,0,0,0,0,13796,0,0,+3 All Resistances,0,0
929,3,0,0,0,0,0,0,0,0,13827,0,0,Stamina +7,0,0
744,4,0,0,20,0,0,20,0,0,0,0,0,Armor +20,0,0
1325,3,0,0,0,0,0,0,0,0,14576,0,0,+37 Frost Resistance,0,0
1483,3,0,0,0,0,0,0,0,0,15345,0,0,Mana +150,0,0
1585,3,0,0,0,0,0,0,0,0,9139,0,0,+8 Attack Power,0,0
1586,3,0,0,0,0,0,0,0,0,9140,0,0,+10 Attack Power,0,0
1587,3,0,0,0,0,0,0,0,0,9141,0,0,+12 Attack Power,0,0
1589,3,0,0,0,0,0,0,0,0,9329,0,0,+16 Attack Power,0,0
1590,3,0,0,0,0,0,0,0,0,9330,0,0,+18 Attack Power,0,0
1591,3,0,0,0,0,0,0,0,0,9331,0,0,+20 Attack Power,0,0
1592,3,0,0,0,0,0,0,0,0,9332,0,0,+22 Attack Power,0,0
1595,3,0,0,0,0,0,0,0,0,9335,0,0,+28 Attack Power,0,0
1958,3,0,0,0,0,0,0,0,0,21409,0,0,+19 Skill Defense,0,0
1959,3,0,0,0,0,0,0,0,0,21410,0,0,+21 Skill Defense,0,0
1596,3,0,0,0,0,0,0,0,0,9336,0,0,+30 Attack Power,0,0
1597,3,0,0,0,0,0,0,0,0,15807,0,0,+32 Attack Power,0,0
1599,3,0,0,0,0,0,0,0,0,14089,0,0,+36 Attack Power,0,0
1600,3,0,0,0,0,0,0,0,0,15808,0,0,+38 Attack Power,0,0
1604,3,0,0,0,0,0,0,0,0,15811,0,0,+46 Attack Power,0,0
1605,3,0,0,0,0,0,0,0,0,9333,0,0,+48 Attack Power,0,0
1606,3,0,0,0,0,0,0,0,0,14056,0,0,+50 Attack Power,0,0
1608,3,0,0,0,0,0,0,0,0,15813,0,0,+54 Attack Power,0,0
1610,3,0,0,0,0,0,0,0,0,15815,0,0,+58 Attack Power,0,0
1612,3,0,0,0,0,0,0,0,0,15816,0,0,+62 Attack Power,0,0
1613,3,0,0,0,0,0,0,0,0,15817,0,0,+64 Attack Power,0,0
1614,3,0,0,0,0,0,0,0,0,15818,0,0,+66 Attack Power,0,0
1617,3,0,0,0,0,0,0,0,0,15821,0,0,+72 Attack Power,0,0
1618,3,0,0,0,0,0,0,0,0,15823,0,0,+74 Attack Power,0,0
1622,3,0,0,0,0,0,0,0,0,15827,0,0,+82 Attack Power,0,0
1624,3,0,0,0,0,0,0,0,0,15829,0,0,+86 Attack Power,0,0
1625,3,0,0,0,0,0,0,0,0,15830,0,0,+88 Attack Power,0,0
1803,1,0,0,0,0,0,0,0,0,17809,0,0,Firestone 1,0,0
1350,3,0,0,0,0,0,0,0,0,14596,0,0,+16 Fire Resistance,0,0
1070,3,0,0,0,0,0,0,0,0,14464,0,0,+17 Stamina,0,0
1450,3,0,0,0,0,0,0,0,0,14687,0,0,+24 Shadow Resistance,0,0
1451,3,0,0,0,0,0,0,0,0,14688,0,0,+25 Shadow Resistance,0,0
1452,3,0,0,0,0,0,0,0,0,14689,0,0,+26 Resist Shadow,0,0
1453,3,0,0,0,0,0,0,0,0,14690,0,0,+27 Shadow Resistance,0,0
1454,3,0,0,0,0,0,0,0,0,14691,0,0,+28 Shadow Resistance,0,0
1455,3,0,0,0,0,0,0,0,0,14692,0,0,+29 Shadow Resistance,0,0
1456,3,0,0,0,0,0,0,0,0,14693,0,0,+30 Shadow Resistance,0,0
1458,3,0,0,0,0,0,0,0,0,14695,0,0,+32 Shadow Resistance,0,0
1459,3,0,0,0,0,0,0,0,0,14696,0,0,+33 Shadow Resistance,0,0
1460,3,0,0,0,0,0,0,0,0,14703,0,0,+34 Shadow Resistance,0,0
1461,3,0,0,0,0,0,0,0,0,14697,0,0,+35 Shadow Resistance,0,0
1462,3,0,0,0,0,0,0,0,0,14698,0,0,+36 Shadow Resistance,0,0
1463,3,0,0,0,0,0,0,0,0,14699,0,0,+37 Shadow Resistance,0,0
1465,3,0,0,0,0,0,0,0,0,14701,0,0,+39 Shadow Resistance,0,0
1466,3,0,0,0,0,0,0,0,0,14702,0,0,+40 Shadow Resistance,0,0
1467,3,0,0,0,0,0,0,0,0,14990,0,0,+41 Shadow Resistance,0,0
1469,3,0,0,0,0,0,0,0,0,14992,0,0,+43 Shadow Resistance,0,0
1470,3,0,0,0,0,0,0,0,0,14993,0,0,+44 Shadow Resistance,0,0
1471,3,0,0,0,0,0,0,0,0,14994,0,0,+45 Shadow Resistance,0,0
6,3,0,0,0,0,0,0,0,0,15567,0,0,Rockbiter 2,0,0
464,3,0,0,0,0,0,0,0,0,7215,0,0,Mithril Spurs,0,0
1316,3,0,0,0,0,0,0,0,0,14567,0,0,+28 Frost Resistance,0,0
1337,3,0,0,0,0,0,0,0,0,14583,0,0,+3 Fire Resistance,0,0
1378,3,0,0,0,0,0,0,0,0,14974,0,0,+44 Fire Resistance,0,0
1384,3,0,0,0,0,0,0,0,0,14625,0,0,+4 Nature Resistance,0,0
1392,3,0,0,0,0,0,0,0,0,14633,0,0,+12 Nature Resistance,0,0
643,1,0,0,20,0,0,20,0,0,11398,0,0,Mind-Numbing Poison III,0,0
1303,3,0,0,0,0,0,0,0,0,14555,0,0,+15 Frost Resistance,0,0
1322,3,0,0,0,0,0,0,0,0,14573,0,0,+34 Frost Resistance,0,0
1330,3,0,0,0,0,0,0,0,0,14978,0,0,+42 Frost Resistance,0,0
1345,3,0,0,0,0,0,0,0,0,14591,0,0,+11 Fire Resistance,0,0
1352,3,0,0,0,0,0,0,0,0,14598,0,0,+18 Fire Resistance,0,0
1529,3,0,0,0,0,0,0,0,0,15447,0,0,INT/FR +10/14,0,0
1532,3,3,0,0,0,0,0,0,0,15462,15461,0,STR/STA/AC/FR +10/10/110/15,0,0
1563,3,0,0,0,0,0,0,0,0,9136,0,0,+2 Attack Power,0,0
1663,3,0,0,0,0,0,0,0,0,16311,0,0,Rockbiter 5,0,0
1664,3,0,0,0,0,0,0,0,0,16313,0,0,Rockbiter 7,0,0
1665,1,0,0,100,0,0,100,0,0,16343,0,0,Flametongue 5,0,0
1666,1,0,0,100,0,0,100,0,0,16344,0,0,Flametongue 6,0,0
1667,1,0,0,0,0,0,0,0,0,16352,0,0,Frostbrand 4,0,0
1669,1,0,0,20,0,0,20,0,0,16361,0,0,Windfury 4,0,0
244,3,0,0,0,0,0,0,0,0,7768,0,0,Intellect +4,0,0
21,2,0,0,4,0,0,4,0,0,0,0,0,Weighted +4,0,0
168,3,0,0,0,0,0,0,0,0,7573,0,0,Dagger Skill +2,0,0
231,3,0,0,0,0,0,0,0,0,7701,0,0,Increases Frost Effects +7,0,0
362,3,0,0,0,0,0,0,0,0,9121,0,0,+10 Strength,0,0
237,3,0,0,0,0,0,0,0,0,7707,0,0,Increases Shadow Effects +6,0,0
1117,3,0,0,0,0,0,0,0,0,14404,0,0,+40 Agility,0,0
1230,3,0,0,0,0,0,0,0,0,14950,0,0,+44 Spirit,0,0
1273,3,0,0,0,0,0,0,0,0,14733,0,0,+31 Arcane Resistance,0,0
1279,3,0,0,0,0,0,0,0,0,14739,0,0,+37 Arcane Resistance,0,0
1286,3,0,0,0,0,0,0,0,0,14968,0,0,+44 Arcane Resistance,0,0
1293,3,0,0,0,0,0,0,0,0,14546,0,0,+5 Frost Resistance,0,0
1299,3,0,0,0,0,0,0,0,0,14551,0,0,+11 Frost Resistance,0,0
1327,3,0,0,0,0,0,0,0,0,14578,0,0,+39 Frost Resistance,0,0
1389,3,0,0,0,0,0,0,0,0,14629,0,0,+9 Nature Resistance,0,0
1395,3,0,0,0,0,0,0,0,0,14636,0,0,+15 Nature Resistance,0,0
1402,3,0,0,0,0,0,0,0,0,14644,0,0,+22 Nature Resistance,0,0
1361,3,0,0,0,0,0,0,0,0,14607,0,0,+27 Fire Resistance,0,0
803,1,0,0,0,0,0,0,0,0,13897,0,0,Fiery Weapon,0,0
1414,3,0,0,0,0,0,0,0,0,14656,0,0,+34 Nature Resistance,0,0
849,3,0,0,0,0,0,0,0,0,13364,0,0,Agility +3,0,0
1428,3,0,0,0,0,0,0,0,0,14665,0,0,+2 Shadow Resistance,0,0
1434,3,0,0,0,0,0,0,0,0,14671,0,0,+8 Shadow Resistance,0,0
925,3,0,0,0,0,0,0,0,0,13930,0,0,Defense +2,0,0
1069,3,0,0,0,0,0,0,0,0,14463,0,0,+16 Stamina,0,0
1078,3,0,0,0,0,0,0,0,0,14472,0,0,+25 Stamina,0,0
1085,3,0,0,0,0,0,0,0,0,14479,0,0,+32 Stamina,0,0
1091,3,0,0,0,0,0,0,0,0,14485,0,0,+38 Stamina,0,0
1104,3,0,0,0,0,0,0,0,0,14391,0,0,+27 Agility,0,0
1111,3,0,0,0,0,0,0,0,0,14398,0,0,+34 Agility,0,0
1119,3,0,0,0,0,0,0,0,0,14406,0,0,+16 Intellect,0,0
804,3,0,0,0,0,0,0,0,0,13523,0,0,+10 Shadow Resistance,0,0
1145,3,0,0,0,0,0,0,0,0,14435,0,0,+16 Spirit,0,0
1152,3,0,0,0,0,0,0,0,0,14442,0,0,+23 Spirit,0,0
1159,3,0,0,0,0,0,0,0,0,14452,0,0,+30 Spirit,0,0
1165,3,0,0,0,0,0,0,0,0,14458,0,0,+37 Spirit,0,0
1218,3,0,0,0,0,0,0,0,0,14938,0,0,+44 Agility,0,0
1225,3,0,0,0,0,0,0,0,0,14945,0,0,+45 Intellect,0,0
1232,3,0,0,0,0,0,0,0,0,14952,0,0,+46 Spirit,0,0
823,3,0,0,0,0,0,0,0,0,13371,0,0,Strength +3,0,0
1249,3,0,0,0,0,0,0,0,0,14709,0,0,+7 Arcane Resistance,0,0
1255,3,0,0,0,0,0,0,0,0,14715,0,0,+13 Arcane Resistance,0,0
1503,3,0,0,0,0,0,0,0,0,15388,0,0,HP +100,0,0
504,2,0,0,80,0,0,80,0,0,0,0,0,Rockbiter +80,0,0
585,3,3,0,0,0,0,0,0,0,7471,7477,0,+1 Agility / +1 Stamina,0,0
592,3,3,0,0,0,0,0,0,0,7477,7464,0,+1 Stamina / +1 Strength,0,0
627,1,0,0,30,0,0,30,0,0,11354,0,0,Deadly Poison IV,0,0
1343,3,0,0,0,0,0,0,0,0,14589,0,0,+9 Fire Resistance,0,0
1355,3,0,0,0,0,0,0,0,0,14601,0,0,+21 Fire Resistance,0,0
1364,3,0,0,0,0,0,0,0,0,14610,0,0,+30 Fire Resistance,0,0
1367,3,0,0,0,0,0,0,0,0,14613,0,0,+33 Fire Resistance,0,0
1375,3,0,0,0,0,0,0,0,0,14971,0,0,+41 Fire Resistance,0,0
1385,3,0,0,0,0,0,0,0,0,14626,0,0,+5 Nature Resistance,0,0
1394,3,0,0,0,0,0,0,0,0,14635,0,0,+14 Nature Resistance,0,0
1404,3,0,0,0,0,0,0,0,0,14646,0,0,+24 Nature Resistance,0,0
1413,3,0,0,0,0,0,0,0,0,14655,0,0,+33 Nature Resistance,0,0
848,4,0,0,30,0,0,30,0,0,0,0,0,Armor +30,0,0
855,3,0,0,0,0,0,0,0,0,7852,0,0,+5 Fire Resistance,0,0
905,3,0,0,0,0,0,0,0,0,13366,0,0,Intellect +5,0,0
908,3,0,0,0,0,0,0,0,0,13862,0,0,Health +50,0,0
923,3,0,0,0,0,0,0,0,0,13922,0,0,Defense +3,0,0
926,3,0,0,0,0,0,0,0,0,13923,0,0,+8 Frost Resistance,0,0
928,3,0,0,0,0,0,0,0,0,13824,0,0,All Stats +3,0,0
1427,3,0,0,0,0,0,0,0,0,14663,0,0,+1 Shadow Resistance,0,0
1436,3,0,0,0,0,0,0,0,0,14673,0,0,+10 Shadow Resistance,0,0
1440,3,0,0,0,0,0,0,0,0,14677,0,0,+14 Shadow Resistance,0,0
1444,3,0,0,0,0,0,0,0,0,14681,0,0,+18 Shadow Resistance,0,0
1446,3,0,0,0,0,0,0,0,0,14683,0,0,+20 Shadow Resistance,0,0
843,3,0,0,0,0,0,0,0,0,13606,0,0,Mana +30,0,0
845,3,0,0,0,0,0,0,0,0,13614,0,0,Herbalism +2,0,0
1045,3,0,0,0,0,0,0,0,0,14490,0,0,+18 Strength,0,0
1077,3,0,0,0,0,0,0,0,0,14471,0,0,+24 Stamina,0,0
1627,3,0,0,0,0,0,0,0,0,15832,0,0,+92 Attack Power,0,0
1457,3,0,0,0,0,0,0,0,0,14694,0,0,+31 Shadow Resistance,0,0
1468,3,0,0,0,0,0,0,0,0,14991,0,0,+42 Shadow Resistance,0,0
1399,3,0,0,0,0,0,0,0,0,14640,0,0,+19 Nature Resistance,0,0
1406,3,0,0,0,0,0,0,0,0,14648,0,0,+26 Nature Resistance,0,0
1421,3,0,0,0,0,0,0,0,0,14984,0,0,+41 Nature Resistance,0,0
854,3,0,0,0,0,0,0,0,0,13651,0,0,Elemental Slayer +6,0,0
865,3,0,0,0,0,0,0,0,0,13697,0,0,Skinning +5,0,0
1261,3,0,0,0,0,0,0,0,0,14721,0,0,+19 Arcane Resistance,0,0
1267,3,0,0,0,0,0,0,0,0,14727,0,0,+25 Arcane Resistance,0,0
1275,3,0,0,0,0,0,0,0,0,14735,0,0,+33 Arcane Resistance,0,0
1282,3,0,0,0,0,0,0,0,0,14742,0,0,+40 Arcane Resistance,0,0
1289,3,0,0,0,0,0,0,0,0,14541,0,0,+1 Frost Resistance,0,0
1080,3,0,0,0,0,0,0,0,0,14474,0,0,+27 Stamina,0,0
1099,3,0,0,0,0,0,0,0,0,14386,0,0,+22 Agility,0,0
1115,3,0,0,0,0,0,0,0,0,14402,0,0,+38 Agility,0,0
907,3,0,0,0,0,0,0,0,0,13826,0,0,Spirit +7,0,0
1127,3,0,0,0,0,0,0,0,0,14414,0,0,+24 Intellect,0,0
1156,3,0,0,0,0,0,0,0,0,14449,0,0,+27 Spirit,0,0
1216,3,0,0,0,0,0,0,0,0,14936,0,0,+42 Agility,0,0
1250,3,0,0,0,0,0,0,0,0,14710,0,0,+8 Arcane Resistance,0,0
1167,3,0,0,0,0,0,0,0,0,14460,0,0,+39 Spirit,0,0
1205,3,0,0,0,0,0,0,0,0,14961,0,0,+43 Strength,0,0
1208,3,0,0,0,0,0,0,0,0,14964,0,0,+46 Strength,0,0
1211,3,0,0,0,0,0,0,0,0,14955,0,0,+43 Stamina,0,0
1217,3,0,0,0,0,0,0,0,0,14937,0,0,+43 Agility,0,0
1408,3,0,0,0,0,0,0,0,0,14650,0,0,+28 Nature Resistance,0,0
1415,3,0,0,0,0,0,0,0,0,14657,0,0,+35 Nature Resistance,0,0
1422,3,0,0,0,0,0,0,0,0,14985,0,0,+42 Nature Resistance,0,0
103,3,0,0,0,0,0,0,0,0,7503,0,0,+5 Stamina,0,0
1342,3,0,0,0,0,0,0,0,0,14588,0,0,+8 Fire Resistance,0,0
1368,3,0,0,0,0,0,0,0,0,14614,0,0,+34 Fire Resistance,0,0
1412,3,0,0,0,0,0,0,0,0,14654,0,0,+32 Nature Resistance,0,0
910,3,0,0,0,0,0,0,0,0,13840,0,0,Stealth +5,0,0
1094,3,0,0,0,0,0,0,0,0,14369,0,0,+17 Agility,0,0
387,4,0,0,81,0,0,82,0,0,0,0,0,+17 Armor,0,0
1142,3,0,0,0,0,0,0,0,0,14429,0,0,+39 Intellect,0,0
1212,3,0,0,0,0,0,0,0,0,14956,0,0,+44 Stamina,0,0
1271,3,0,0,0,0,0,0,0,0,14731,0,0,+29 Arcane Resistance,0,0
1703,2,0,0,8,0,0,8,0,0,0,0,0,Weighted +8,0,0
1723,1,0,0,0,0,0,0,0,0,16870,0,0,Omen of Clarity,0,0
1743,1,0,0,100,0,0,100,0,0,19109,0,0,MHTest02,0,0
1863,1,0,0,0,0,0,0,0,0,19267,0,0,Feedback 2,0,0
2008,3,3,0,0,0,0,0,0,0,21475,9122,0,Block Level 35,0,0
2009,3,3,0,0,0,0,0,0,0,21475,9122,0,Block Level 36,0,0
2011,3,3,0,0,0,0,0,0,0,21475,9123,0,Block Level 38,0,0
2012,3,3,0,0,0,0,0,0,0,21475,9123,0,Block Level 39,0,0
2015,3,3,0,0,0,0,0,0,0,21478,9123,0,Block Level 42,0,0
2016,3,3,0,0,0,0,0,0,0,21478,9123,0,Block Level 43,0,0
2019,3,3,0,0,0,0,0,0,0,21478,9266,0,Block Level 46,0,0
2020,3,3,0,0,0,0,0,0,0,21478,9267,0,Block Level 47,0,0
2023,3,3,0,0,0,0,0,0,0,21478,9267,0,Block Level 50,0,0
2024,3,3,0,0,0,0,0,0,0,21478,13198,0,Block Level 51,0,0
2027,3,3,0,0,0,0,0,0,0,21478,14488,0,Block Level 54,0,0
2028,3,3,0,0,0,0,0,0,0,21478,14488,0,Block Level 55,0,0
1071,3,0,0,0,0,0,0,0,0,14465,0,0,+18 Stamina,0,0
1096,3,0,0,0,0,0,0,0,0,14383,0,0,+19 Agility,0,0
1121,3,0,0,0,0,0,0,0,0,14408,0,0,+18 Intellect,0,0
1049,3,0,0,0,0,0,0,0,0,14494,0,0,+22 Strength,0,0
1129,3,0,0,0,0,0,0,0,0,14416,0,0,+26 Intellect,0,0
847,3,0,0,0,0,0,0,0,0,13624,0,0,All Stats +1,0,0
1209,3,0,0,0,0,0,0,0,0,14953,0,0,+41 Stamina,0,0
1243,3,0,0,0,0,0,0,0,0,14664,0,0,+1 Arcane Resistance,0,0
846,3,0,0,0,0,0,0,0,0,13615,0,0,Fishing +2,0,0
1258,3,0,0,0,0,0,0,0,0,14718,0,0,+16 Arcane Resistance,0,0
1276,3,0,0,0,0,0,0,0,0,14736,0,0,+34 Arcane Resistance,0,0
1295,3,0,0,0,0,0,0,0,0,14547,0,0,+7 Frost Resistance,0,0
1584,3,0,0,0,0,0,0,0,0,9138,0,0,+6 Attack Power,0,0
1588,3,0,0,0,0,0,0,0,0,9142,0,0,+14 Attack Power,0,0
1593,3,0,0,0,0,0,0,0,0,14027,0,0,+24 Attack Power,0,0
1598,3,0,0,0,0,0,0,0,0,15806,0,0,+34 Attack Power,0,0
1602,3,0,0,0,0,0,0,0,0,15809,0,0,+42 Attack Power,0,0
1609,3,0,0,0,0,0,0,0,0,15814,0,0,+56 Attack Power,0,0
1616,3,0,0,0,0,0,0,0,0,15820,0,0,+70 Attack Power,0,0
1621,3,0,0,0,0,0,0,0,0,15826,0,0,+80 Attack Power,0,0
1054,3,0,0,0,0,0,0,0,0,14499,0,0,+27 Strength,0,0
1061,3,0,0,0,0,0,0,0,0,14506,0,0,+34 Strength,0,0
1067,3,0,0,0,0,0,0,0,0,14512,0,0,+40 Strength,0,0
1128,3,0,0,0,0,0,0,0,0,14415,0,0,+25 Intellect,0,0
1134,3,0,0,0,0,0,0,0,0,14421,0,0,+31 Intellect,0,0
1141,3,0,0,0,0,0,0,0,0,14428,0,0,+38 Intellect,0,0
1268,3,0,0,0,0,0,0,0,0,14728,0,0,+26 Arcane Resistance,0,0
1986,3,0,0,0,0,0,0,0,0,21478,0,0,+4% Block,0,0
2279,3,0,0,0,0,0,0,0,0,9357,0,0,+16 Nature Spell Damage,0,0
2136,3,0,0,0,0,0,0,0,0,18010,0,0,+29 Shadow Spell Damage,0,0
2171,3,0,0,0,0,0,0,0,0,17866,0,0,+24 Fire Spell Damage,0,0
2240,3,0,0,0,0,0,0,0,0,9404,0,0,+14 Frost Spell Damage,0,0
1843,4,0,0,40,0,0,40,0,0,0,0,0,Reinforced Armor +40,0,0
1864,1,0,0,0,0,0,0,0,0,19268,0,0,Feedback 3,0,0
1865,1,0,0,0,0,0,0,0,0,19269,0,0,Feedback 4,0,0
1883,3,0,0,0,0,0,0,0,0,13825,0,0,Intellect +7,0,0
1884,3,0,0,0,0,0,0,0,0,19986,0,0,Spirit +9,0,0
1898,1,0,0,0,0,0,0,0,0,20004,0,0,Lifestealing,0,0
1901,3,0,0,0,0,0,0,0,0,19987,0,0,Intellect +9,0,0
1904,3,0,0,0,0,0,0,0,0,19987,0,0,Intellect +9,0,0
1825,1,0,0,0,0,0,0,0,0,17935,0,0,Firestone 4,0,0
1763,0,0,0,0,0,0,0,0,0,0,0,0,Cold Blood,0,0
1824,1,0,0,0,0,0,0,0,0,17934,0,0,Firestone 3,0,0
1943,3,0,0,0,0,0,0,0,0,13387,0,0,+12 Defense,0,0
1866,1,0,0,0,0,0,0,0,0,19270,0,0,Feedback 5,0,0
1885,3,0,0,0,0,0,0,0,0,19984,0,0,Strength +9,0,0
1890,3,0,0,0,0,0,0,0,0,19986,0,0,Spirit +9,0,0
1899,1,0,0,0,0,0,0,0,0,20006,0,0,Unholy Weapon,0,0
1944,3,0,0,0,0,0,0,0,0,13383,0,0,+8 Skill Defense,0,0
1945,3,0,0,0,0,0,0,0,0,13384,0,0,+9 Skill Defense,0,0
1947,3,0,0,0,0,0,0,0,0,13386,0,0,+11 Skill Defense,0,0
1952,3,0,0,0,0,0,0,0,0,14249,0,0,+20 Skill Defense,0,0
1953,3,0,0,0,0,0,0,0,0,18196,0,0,+22 Skill Defense,0,0
1957,3,0,0,0,0,0,0,0,0,21408,0,0,+18 Skill Defense,0,0
2142,3,0,0,0,0,0,0,0,0,18016,0,0,+37 Shadow Spell Damage,0,0
2032,3,3,0,0,0,0,0,0,0,21478,14490,0,Block Level 59,0,0
2033,3,3,0,0,0,0,0,0,0,21478,14490,0,Block Level 60,0,0
2035,3,3,0,0,0,0,0,0,0,21478,14490,0,Block Level 62,0,0
2036,3,3,0,0,0,0,0,0,0,21478,14491,0,Block Level 63,0,0
2039,3,3,0,0,0,0,0,0,0,21478,14492,0,Block Level 66,0,0
2041,3,0,0,0,0,0,0,0,0,21427,0,0,+5 Ranged Attack Power,0,0
2042,3,0,0,0,0,0,0,0,0,21428,0,0,+7 Ranged Attack Power,0,0
2045,3,0,0,0,0,0,0,0,0,21431,0,0,+14 Ranged Attack Power,0,0
2047,3,0,0,0,0,0,0,0,0,21433,0,0,+19 Ranged Attack Power,0,0
2053,3,0,0,0,0,0,0,0,0,21439,0,0,+34 Ranged Attack Power,0,0
2057,3,0,0,0,0,0,0,0,0,21443,0,0,+43 Ranged Attack Power,0,0
2058,3,0,0,0,0,0,0,0,0,21444,0,0,+46 Ranged Attack Power,0,0
2059,3,0,0,0,0,0,0,0,0,21445,0,0,+48 Ranged Attack Power,0,0
2061,3,0,0,0,0,0,0,0,0,21447,0,0,+53 Ranged Attack Power,0,0
2066,3,0,0,0,0,0,0,0,0,21451,0,0,+65 Ranged Attack Power,0,0
2067,3,0,0,0,0,0,0,0,0,21452,0,0,+67 Ranged Attack Power,0,0
2070,3,0,0,0,0,0,0,0,0,21455,0,0,+74 Ranged Attack Power,0,0
2073,3,0,0,0,0,0,0,0,0,21458,0,0,+82 Ranged Attack Power,0,0
2074,3,0,0,0,0,0,0,0,0,21459,0,0,+84 Ranged Attack Power,0,0
2075,3,0,0,0,0,0,0,0,0,21460,0,0,+86 Ranged Attack Power,0,0
2078,3,0,0,0,0,0,0,0,0,13669,0,0,+1% Dodge,0,0
2079,3,0,0,0,0,0,0,0,0,13590,0,0,+1 Arcane Spell Damage,0,0
2080,3,0,0,0,0,0,0,0,0,13591,0,0,+3 Arcane Spell Damage,0,0
2081,3,0,0,0,0,0,0,0,0,13592,0,0,+4 Arcane Spell Damage,0,0
2082,3,0,0,0,0,0,0,0,0,13593,0,0,+6 Arcane Spell Damage,0,0
2083,3,0,0,0,0,0,0,0,0,13594,0,0,+7 Arcane Spell Damage,0,0
2085,3,0,0,0,0,0,0,0,0,13596,0,0,+10 Arcane Spell Damage,0,0
2091,3,0,0,0,0,0,0,0,0,13603,0,0,+19 Arcane Spell Damage,0,0
2097,3,0,0,0,0,0,0,0,0,17824,0,0,+27 Arcane Spell Damage,0,0
2099,3,0,0,0,0,0,0,0,0,17826,0,0,+30 Arcane Spell Damage,0,0
2100,3,0,0,0,0,0,0,0,0,17827,0,0,+31 Arcane Spell Damage,0,0
2105,3,0,0,0,0,0,0,0,0,17837,0,0,+39 Arcane Spell Damage,0,0
2106,3,0,0,0,0,0,0,0,0,17838,0,0,+40 Arcane Spell Damage,0,0
2108,3,0,0,0,0,0,0,0,0,17840,0,0,+43 Arcane Spell Damage,0,0
2109,3,0,0,0,0,0,0,0,0,17841,0,0,+44 Arcane Spell Damage,0,0
2111,3,0,0,0,0,0,0,0,0,17844,0,0,+47 Arcane Spell Damage,0,0
2114,3,0,0,0,0,0,0,0,0,17847,0,0,+51 Arcane Spell Damage,0,0
1317,3,0,0,0,0,0,0,0,0,14568,0,0,+29 Frost Resistance,0,0
1335,3,0,0,0,0,0,0,0,0,14540,0,0,+1 Fire Resistance,0,0
1357,3,0,0,0,0,0,0,0,0,14603,0,0,+23 Fire Resistance,0,0
1371,3,0,0,0,0,0,0,0,0,14617,0,0,+37 Fire Resistance,0,0
1387,3,0,0,0,0,0,0,0,0,14627,0,0,+7 Nature Resistance,0,0
1403,3,0,0,0,0,0,0,0,0,14645,0,0,+23 Nature Resistance,0,0
930,3,0,0,0,0,0,0,0,0,13927,0,0,Minor Mount Speed Increase,0,0
1442,3,0,0,0,0,0,0,0,0,14679,0,0,+16 Shadow Resistance,0,0
1960,3,0,0,0,0,0,0,0,0,21411,0,0,+23 Skill Defense,0,0
1965,3,0,0,0,0,0,0,0,0,21415,0,0,+29 Skill Defense,0,0
1966,3,0,0,0,0,0,0,0,0,21416,0,0,+30 Skill Defense,0,0
1968,3,0,0,0,0,0,0,0,0,21418,0,0,+33 Skill Defense,0,0
1971,3,0,0,0,0,0,0,0,0,21421,0,0,+36 Skill Defense,0,0
1972,3,0,0,0,0,0,0,0,0,21422,0,0,+37 Skill Defense,0,0
1983,3,0,0,0,0,0,0,0,0,21469,0,0,+1% Block,0,0
1985,3,0,0,0,0,0,0,0,0,21475,0,0,+3% Block,0,0
1988,3,3,0,0,0,0,0,0,0,21469,7466,0,Block Level 15,0,0
1989,3,3,0,0,0,0,0,0,0,21469,7466,0,Block Level 16,0,0
1991,3,3,0,0,0,0,0,0,0,21469,7506,0,Block Level 18,0,0
1992,3,3,0,0,0,0,0,0,0,21469,7507,0,Block Level 19,0,0
1993,3,3,0,0,0,0,0,0,0,21471,7507,0,Block Level 20,0,0
1994,3,3,0,0,0,0,0,0,0,21471,7508,0,Block Level 21,0,0
1995,3,3,0,0,0,0,0,0,0,21471,7508,0,Block Level 22,0,0
1998,3,3,0,0,0,0,0,0,0,21471,9103,0,Block Level 25,0,0
1363,3,0,0,0,0,0,0,0,0,14609,0,0,+29 Fire Resistance,0,0
1377,3,0,0,0,0,0,0,0,0,14973,0,0,+43 Fire Resistance,0,0
1393,3,0,0,0,0,0,0,0,0,14634,0,0,+13 Nature Resistance,0,0
1411,3,0,0,0,0,0,0,0,0,14653,0,0,+31 Nature Resistance,0,0
912,1,0,0,0,0,0,0,0,0,13907,0,0,Demonslaying,0,0
1435,3,0,0,0,0,0,0,0,0,14672,0,0,+9 Shadow Resistance,0,0
1449,3,0,0,0,0,0,0,0,0,14686,0,0,+23 Shadow Resistance,0,0
1265,3,0,0,0,0,0,0,0,0,14725,0,0,+23 Arcane Resistance,0,0
1284,3,0,0,0,0,0,0,0,0,14966,0,0,+42 Arcane Resistance,0,0
1603,3,0,0,0,0,0,0,0,0,15810,0,0,+44 Attack Power,0,0
2374,3,0,0,0,0,0,0,0,0,21363,0,0,+5 mana every 5 sec.,0,0
2375,3,0,0,0,0,0,0,0,0,21620,0,0,+5 mana every 5 sec.,0,0
2376,3,0,0,0,0,0,0,0,0,21626,0,0,+6 mana every 5 sec.,0,0
2381,3,0,0,0,0,0,0,0,0,21629,0,0,+8 mana every 5 sec.,0,0
2382,3,0,0,0,0,0,0,0,0,18378,0,0,+8 mana every 5 sec.,0,0
2384,3,0,0,0,0,0,0,0,0,21365,0,0,+9 mana every 5 sec.,0,0
2386,3,0,0,0,0,0,0,0,0,21632,0,0,+10 mana every 5 sec.,0,0
2390,3,0,0,0,0,0,0,0,0,21634,0,0,+11 mana every 5 sec.,0,0
2391,3,0,0,0,0,0,0,0,0,21635,0,0,+12 mana every 5 sec.,0,0
2400,3,0,0,0,0,0,0,0,0,21644,0,0,+15 mana every 5 sec.,0,0
2401,3,0,0,0,0,0,0,0,0,21587,0,0,+1 health every 5 sec.,0,0
2402,3,0,0,0,0,0,0,0,0,21588,0,0,+1 health every 5 sec.,0,0
2407,3,0,0,0,0,0,0,0,0,21592,0,0,+2 health every 5 sec.,0,0
2408,3,0,0,0,0,0,0,0,0,21593,0,0,+2 health every 5 sec.,0,0
2410,3,0,0,0,0,0,0,0,0,21347,0,0,+3 health every 5 sec.,0,0
2413,3,0,0,0,0,0,0,0,0,21597,0,0,+3 health every 5 sec.,0,0
2415,3,0,0,0,0,0,0,0,0,21348,0,0,+4 health every 5 sec.,0,0
2418,3,0,0,0,0,0,0,0,0,21601,0,0,+5 health every 5 sec.,0,0
2419,3,0,0,0,0,0,0,0,0,21602,0,0,+5 health every 5 sec.,0,0
2421,3,0,0,0,0,0,0,0,0,21603,0,0,+5 health every 5 sec.,0,0
2424,3,0,0,0,0,0,0,0,0,21606,0,0,+6 health every 5 sec.,0,0
1226,3,0,0,0,0,0,0,0,0,14946,0,0,+46 Intellect,0,0
1509,3,0,0,0,0,0,0,0,0,15403,0,0,Intellect +8,0,0
1526,3,0,0,0,0,0,0,0,0,15440,0,0,STR/FR +10/14,0,0
1668,1,0,0,0,0,0,0,0,0,16353,0,0,Frostbrand 5,0,0
1524,3,0,0,0,0,0,0,0,0,15428,0,0,HP/FR +75/14,0,0
1704,3,0,0,0,0,0,0,0,0,16624,0,0,Thorium Spike (20-30),0,0
1886,3,0,0,0,0,0,0,0,0,19985,0,0,Stamina +9,0,0
1887,3,0,0,0,0,0,0,0,0,13823,0,0,Agility +7,0,0
1889,4,0,0,70,0,0,70,0,0,0,0,0,Armor +70,0,0
1891,3,0,0,0,0,0,0,0,0,19988,0,0,All Stats +4,0,0
1893,3,0,0,0,0,0,0,0,0,19991,0,0,Mana +100,0,0
1999,3,3,0,0,0,0,0,0,0,21471,9103,0,Block Level 26,0,0
2000,3,3,0,0,0,0,0,0,0,21471,9120,0,Block Level 27,0,0
2001,3,3,0,0,0,0,0,0,0,21471,9120,0,Block Level 28,0,0
2003,3,3,0,0,0,0,0,0,0,21475,9120,0,Block Level 30,0,0
2004,3,3,0,0,0,0,0,0,0,21475,9121,0,Block Level 31,0,0
2052,3,0,0,0,0,0,0,0,0,21438,0,0,+31 Ranged Attack Power,0,0
2062,3,0,0,0,0,0,0,0,0,21448,0,0,+55 Ranged Attack Power,0,0
2068,3,0,0,0,0,0,0,0,0,21453,0,0,+70 Ranged Attack Power,0,0
2072,3,0,0,0,0,0,0,0,0,21457,0,0,+79 Ranged Attack Power,0,0
2077,3,0,0,0,0,0,0,0,0,21462,0,0,+91 Ranged Attack Power,0,0
2086,3,0,0,0,0,0,0,0,0,13597,0,0,+11 Arcane Spell Damage,0,0
1894,1,0,0,0,0,0,0,0,0,20005,0,0,Icy Weapon,0,0
2235,3,0,0,0,0,0,0,0,0,7701,0,0,+7 Frost Spell Damage,0,0
2246,3,0,0,0,0,0,0,0,0,17889,0,0,+23 Frost Spell Damage,0,0
2251,3,0,0,0,0,0,0,0,0,17893,0,0,+30 Frost Spell Damage,0,0
2258,3,0,0,0,0,0,0,0,0,17900,0,0,+40 Frost Spell Damage,0,0
2135,3,0,0,0,0,0,0,0,0,18009,0,0,+27 Shadow Spell Damage,0,0
2151,3,0,0,0,0,0,0,0,0,18025,0,0,+50 Shadow Spell Damage,0,0
2304,3,0,0,0,0,0,0,0,0,18005,0,0,+51 Nature Spell Damage,0,0
2314,3,0,0,0,0,0,0,0,0,9406,0,0,+18 Healing Spells,0,0
2321,3,0,0,0,0,0,0,0,0,9318,0,0,+33 Healing Spells,0,0
2228,3,0,0,0,0,0,0,0,0,21534,0,0,+51 Holy Spell Damage,0,0
2233,3,0,0,0,0,0,0,0,0,7699,0,0,+4 Frost Spell Damage,0,0
2239,3,0,0,0,0,0,0,0,0,9403,0,0,+13 Frost Spell Damage,0,0
2268,3,0,0,0,0,0,0,0,0,17911,0,0,+54 Frost Spell Damage,0,0
2274,3,0,0,0,0,0,0,0,0,7695,0,0,+9 Nature Spell Damage,0,0
2328,3,0,0,0,0,0,0,0,0,18034,0,0,+48 Healing Spells,0,0
2119,3,0,0,0,0,0,0,0,0,7706,0,0,+4 Shadow Spell Damage,0,0
2122,3,0,0,0,0,0,0,0,0,7710,0,0,+9 Shadow Spell Damage,0,0
2124,3,0,0,0,0,0,0,0,0,9412,0,0,+11 Shadow Spell Damage,0,0
2126,3,0,0,0,0,0,0,0,0,9414,0,0,+14 Shadow Spell Damage,0,0
2129,3,0,0,0,0,0,0,0,0,9326,0,0,+19 Shadow Spell Damage,0,0
2130,3,0,0,0,0,0,0,0,0,9327,0,0,+20 Shadow Spell Damage,0,0
2132,3,0,0,0,0,0,0,0,0,14793,0,0,+23 Shadow Spell Damage,0,0
2137,3,0,0,0,0,0,0,0,0,18011,0,0,+30 Shadow Spell Damage,0,0
2141,3,0,0,0,0,0,0,0,0,18015,0,0,+36 Shadow Spell Damage,0,0
2064,3,0,0,0,0,0,0,0,0,21013,0,0,+60 Ranged Attack Power,0,0
2069,3,0,0,0,0,0,0,0,0,21454,0,0,+72 Ranged Attack Power,0,0
2146,3,0,0,0,0,0,0,0,0,18020,0,0,+43 Shadow Spell Damage,0,0
2154,3,0,0,0,0,0,0,0,0,18028,0,0,+54 Shadow Spell Damage,0,0
2158,3,0,0,0,0,0,0,0,0,7686,0,0,+6 Fire Spell Damage,0,0
2159,3,0,0,0,0,0,0,0,0,7687,0,0,+7 Fire Spell Damage,0,0
2160,3,0,0,0,0,0,0,0,0,7688,0,0,+9 Fire Spell Damage,0,0
2163,3,0,0,0,0,0,0,0,0,9400,0,0,+13 Fire Spell Damage,0,0
2165,3,0,0,0,0,0,0,0,0,9294,0,0,+16 Fire Spell Damage,0,0
2166,3,0,0,0,0,0,0,0,0,9295,0,0,+17 Fire Spell Damage,0,0
2167,3,0,0,0,0,0,0,0,0,9296,0,0,+19 Fire Spell Damage,0,0
2170,3,0,0,0,0,0,0,0,0,17747,0,0,+23 Fire Spell Damage,0,0
2172,3,0,0,0,0,0,0,0,0,17867,0,0,+26 Fire Spell Damage,0,0
2174,3,0,0,0,0,0,0,0,0,13830,0,0,+29 Fire Spell Damage,0,0
2181,3,0,0,0,0,0,0,0,0,17684,0,0,+39 Fire Spell Damage,0,0
2182,3,0,0,0,0,0,0,0,0,17875,0,0,+40 Fire Spell Damage,0,0
2184,3,0,0,0,0,0,0,0,0,17878,0,0,+43 Fire Spell Damage,0,0
2185,3,0,0,0,0,0,0,0,0,17879,0,0,+44 Fire Spell Damage,0,0
2187,3,0,0,0,0,0,0,0,0,17881,0,0,+47 Fire Spell Damage,0,0
2189,3,0,0,0,0,0,0,0,0,17884,0,0,+50 Fire Spell Damage,0,0
2190,3,0,0,0,0,0,0,0,0,17885,0,0,+51 Fire Spell Damage,0,0
2192,3,0,0,0,0,0,0,0,0,17887,0,0,+54 Fire Spell Damage,0,0
2193,3,0,0,0,0,0,0,0,0,21499,0,0,+1 Holy Spell Damage,0,0
2196,3,0,0,0,0,0,0,0,0,21502,0,0,+6 Holy Spell Damage,0,0
2199,3,0,0,0,0,0,0,0,0,21505,0,0,+10 Holy Spell Damage,0,0
2200,3,0,0,0,0,0,0,0,0,21506,0,0,+11 Holy Spell Damage,0,0
2202,3,0,0,0,0,0,0,0,0,21508,0,0,+14 Holy Spell Damage,0,0
2205,3,0,0,0,0,0,0,0,0,21511,0,0,+19 Holy Spell Damage,0,0
2208,3,0,0,0,0,0,0,0,0,21514,0,0,+23 Holy Spell Damage,0,0
2209,3,0,0,0,0,0,0,0,0,21515,0,0,+24 Holy Spell Damage,0,0
2211,3,0,0,0,0,0,0,0,0,21517,0,0,+27 Holy Spell Damage,0,0
2214,3,0,0,0,0,0,0,0,0,21520,0,0,+31 Holy Spell Damage,0,0
2216,3,0,0,0,0,0,0,0,0,21522,0,0,+34 Holy Spell Damage,0,0
2221,3,0,0,0,0,0,0,0,0,21527,0,0,+41 Holy Spell Damage,0,0
2224,3,0,0,0,0,0,0,0,0,21530,0,0,+46 Holy Spell Damage,0,0
2227,3,0,0,0,0,0,0,0,0,21533,0,0,+50 Holy Spell Damage,0,0
2230,3,0,0,0,0,0,0,0,0,21536,0,0,+54 Holy Spell Damage,0,0
2231,3,0,0,0,0,0,0,0,0,7697,0,0,+1 Frost Spell Damage,0,0
2236,3,0,0,0,0,0,0,0,0,7702,0,0,+9 Frost Spell Damage,0,0
2238,3,0,0,0,0,0,0,0,0,9402,0,0,+11 Frost Spell Damage,0,0
2241,3,0,0,0,0,0,0,0,0,9304,0,0,+16 Frost Spell Damage,0,0
2243,3,0,0,0,0,0,0,0,0,9306,0,0,+19 Frost Spell Damage,0,0
2244,3,0,0,0,0,0,0,0,0,9307,0,0,+20 Frost Spell Damage,0,0
2247,3,0,0,0,0,0,0,0,0,17890,0,0,+24 Frost Spell Damage,0,0
2249,3,0,0,0,0,0,0,0,0,17892,0,0,+27 Frost Spell Damage,0,0
2250,3,0,0,0,0,0,0,0,0,13831,0,0,+29 Frost Spell Damage,0,0
2254,3,0,0,0,0,0,0,0,0,17896,0,0,+34 Frost Spell Damage,0,0
2426,3,0,0,0,0,0,0,0,0,21607,0,0,+7 health every 5 sec.,0,0
2427,3,0,0,0,0,0,0,0,0,21608,0,0,+7 health every 5 sec.,0,0
2428,3,0,0,0,0,0,0,0,0,21609,0,0,+7 health every 5 sec.,0,0
2429,3,0,0,0,0,0,0,0,0,21610,0,0,+7 health every 5 sec.,0,0
2430,3,0,0,0,0,0,0,0,0,21109,0,0,+8 health every 5 sec.,0,0
2432,3,0,0,0,0,0,0,0,0,21612,0,0,+8 health every 5 sec.,0,0
2433,3,0,0,0,0,0,0,0,0,21613,0,0,+8 health every 5 sec.,0,0
2434,3,0,0,0,0,0,0,0,0,21614,0,0,+9 health every 5 sec.,0,0
2435,3,0,0,0,0,0,0,0,0,21350,0,0,+9 health every 5 sec.,0,0
2436,3,0,0,0,0,0,0,0,0,21615,0,0,+9 health every 5 sec.,0,0
2438,3,0,0,0,0,0,0,0,0,21617,0,0,+10 health every 5 sec.,0,0
2043,3,0,0,0,0,0,0,0,0,21429,0,0,+10 Ranged Attack Power,0,0
2049,3,0,0,0,0,0,0,0,0,21435,0,0,+24 Ranged Attack Power,0,0
2084,3,0,0,0,0,0,0,0,0,13595,0,0,+9 Arcane Spell Damage,0,0
2090,3,0,0,0,0,0,0,0,0,13602,0,0,+17 Arcane Spell Damage,0,0
2095,3,0,0,0,0,0,0,0,0,17822,0,0,+24 Arcane Spell Damage,0,0
2101,3,0,0,0,0,0,0,0,0,17828,0,0,+33 Arcane Spell Damage,0,0
2212,3,0,0,0,0,0,0,0,0,21518,0,0,+29 Holy Spell Damage,0,0
2285,3,0,0,0,0,0,0,0,0,17988,0,0,+24 Nature Spell Damage,0,0
2291,3,0,0,0,0,0,0,0,0,17993,0,0,+33 Nature Spell Damage,0,0
2296,3,0,0,0,0,0,0,0,0,17997,0,0,+40 Nature Spell Damage,0,0
2306,3,0,0,0,0,0,0,0,0,18007,0,0,+54 Nature Spell Damage,0,0
2256,3,0,0,0,0,0,0,0,0,17898,0,0,+37 Frost Spell Damage,0,0
2257,3,0,0,0,0,0,0,0,0,17899,0,0,+39 Frost Spell Damage,0,0
2260,3,0,0,0,0,0,0,0,0,17902,0,0,+43 Frost Spell Damage,0,0
2264,3,0,0,0,0,0,0,0,0,17907,0,0,+49 Frost Spell Damage,0,0
2267,3,0,0,0,0,0,0,0,0,17910,0,0,+53 Frost Spell Damage,0,0
2269,3,0,0,0,0,0,0,0,0,7690,0,0,+1 Nature Spell Damage,0,0
2271,3,0,0,0,0,0,0,0,0,7692,0,0,+4 Nature Spell Damage,0,0
2272,3,0,0,0,0,0,0,0,0,7693,0,0,+6 Nature Spell Damage,0,0
2273,3,0,0,0,0,0,0,0,0,7694,0,0,+7 Nature Spell Damage,0,0
2276,3,0,0,0,0,0,0,0,0,9409,0,0,+11 Nature Spell Damage,0,0
2278,3,0,0,0,0,0,0,0,0,9411,0,0,+14 Nature Spell Damage,0,0
2282,3,0,0,0,0,0,0,0,0,9360,0,0,+20 Nature Spell Damage,0,0
2287,3,0,0,0,0,0,0,0,0,17990,0,0,+27 Nature Spell Damage,0,0
2288,3,0,0,0,0,0,0,0,0,17819,0,0,+29 Nature Spell Damage,0,0
2293,3,0,0,0,0,0,0,0,0,17994,0,0,+36 Nature Spell Damage,0,0
2294,3,0,0,0,0,0,0,0,0,17995,0,0,+37 Nature Spell Damage,0,0
2295,3,0,0,0,0,0,0,0,0,17996,0,0,+39 Nature Spell Damage,0,0
2117,3,0,0,0,0,0,0,0,0,7704,0,0,+1 Shadow Spell Damage,0,0
2123,3,0,0,0,0,0,0,0,0,7709,0,0,+10 Shadow Spell Damage,0,0
2138,3,0,0,0,0,0,0,0,0,18012,0,0,+31 Shadow Spell Damage,0,0
2143,3,0,0,0,0,0,0,0,0,18017,0,0,+39 Shadow Spell Damage,0,0
2147,3,0,0,0,0,0,0,0,0,18021,0,0,+44 Shadow Spell Damage,0,0
2149,3,0,0,0,0,0,0,0,0,18023,0,0,+47 Shadow Spell Damage,0,0
2300,3,0,0,0,0,0,0,0,0,18001,0,0,+46 Nature Spell Damage,0,0
2301,3,0,0,0,0,0,0,0,0,18002,0,0,+47 Nature Spell Damage,0,0
2303,3,0,0,0,0,0,0,0,0,18004,0,0,+50 Nature Spell Damage,0,0
2305,3,0,0,0,0,0,0,0,0,18006,0,0,+53 Nature Spell Damage,0,0
2307,3,0,0,0,0,0,0,0,0,7675,0,0,+2 Healing Spells,0,0
2309,3,0,0,0,0,0,0,0,0,7677,0,0,+7 Healing Spells,0,0
2310,3,0,0,0,0,0,0,0,0,7678,0,0,+9 Healing Spells,0,0
2311,3,0,0,0,0,0,0,0,0,7679,0,0,+11 Healing Spells,0,0
2313,3,0,0,0,0,0,0,0,0,7681,0,0,+15 Healing Spells,0,0
2315,3,0,0,0,0,0,0,0,0,9407,0,0,+20 Healing Spells,0,0
2319,3,0,0,0,0,0,0,0,0,9316,0,0,+29 Healing Spells,0,0
2322,3,0,0,0,0,0,0,0,0,18029,0,0,+35 Healing Spells,0,0
2323,3,0,0,0,0,0,0,0,0,18030,0,0,+37 Healing Spells,0,0
2326,3,0,0,0,0,0,0,0,0,17371,0,0,+44 Healing Spells,0,0
2332,3,0,0,0,0,0,0,0,0,18037,0,0,+57 Healing Spells,0,0
2333,3,0,0,0,0,0,0,0,0,18038,0,0,+59 Healing Spells,0,0
2335,3,0,0,0,0,0,0,0,0,18040,0,0,+64 Healing Spells,0,0
2337,3,0,0,0,0,0,0,0,0,18042,0,0,+68 Healing Spells,0,0
2339,3,0,0,0,0,0,0,0,0,18044,0,0,+73 Healing Spells,0,0
2340,3,0,0,0,0,0,0,0,0,18045,0,0,+75 Healing Spells,0,0
2363,3,0,0,0,0,0,0,0,0,21359,0,0,+1 mana every 5 sec.,0,0
2370,3,0,0,0,0,0,0,0,0,21625,0,0,+3 mana every 5 sec.,0,0
2372,3,0,0,0,0,0,0,0,0,21618,0,0,+4 mana every 5 sec.,0,0
2373,3,0,0,0,0,0,0,0,0,21619,0,0,+4 mana every 5 sec.,0,0
2565,3,0,0,0,0,0,0,0,0,23795,0,0,Mana Regen 4 per 5 sec.,0,0
2566,3,0,0,0,0,0,0,0,0,23796,0,0,Healing Spells +24,0,0
2567,3,0,0,0,0,0,0,0,0,23797,0,0,Spirit +20,0,0
2568,3,0,0,0,0,0,0,0,0,23798,0,0,Intellect +22,0,0
2389,3,0,0,0,0,0,0,0,0,21366,0,0,+11 mana every 5 sec.,0,0
2397,3,0,0,0,0,0,0,0,0,21641,0,0,+14 mana every 5 sec.,0,0
2411,3,0,0,0,0,0,0,0,0,21595,0,0,+3 health every 5 sec.,0,0
1961,3,0,0,0,0,0,0,0,0,21412,0,0,+24 Skill Defense,0,0
2327,3,0,0,0,0,0,0,0,0,18033,0,0,+46 Healing Spells,0,0
2338,3,0,0,0,0,0,0,0,0,18043,0,0,+70 Healing Spells,0,0
2344,3,0,0,0,0,0,0,0,0,17320,0,0,+84 Healing Spells,0,0
2371,3,0,0,0,0,0,0,0,0,21362,0,0,+4 mana every 5 sec.,0,0
2378,3,0,0,0,0,0,0,0,0,21627,0,0,+6 mana every 5 sec.,0,0
2387,3,0,0,0,0,0,0,0,0,20959,0,0,+10 mana every 5 sec.,0,0
2396,3,0,0,0,0,0,0,0,0,21640,0,0,+14 mana every 5 sec.,0,0
2405,3,0,0,0,0,0,0,0,0,21345,0,0,+1 health every 5 sec.,0,0
2107,3,0,0,0,0,0,0,0,0,17839,0,0,+41 Arcane Spell Damage,0,0
2112,3,0,0,0,0,0,0,0,0,17845,0,0,+49 Arcane Spell Damage,0,0
1892,3,0,0,0,0,0,0,0,0,19990,0,0,Health +100,0,0
2002,3,3,0,0,0,0,0,0,0,21471,9120,0,Block Level 29,0,0
2116,3,0,0,0,0,0,0,0,0,17849,0,0,+54 Arcane Spell Damage,0,0
2125,3,0,0,0,0,0,0,0,0,9413,0,0,+13 Shadow Spell Damage,0,0
2318,3,0,0,0,0,0,0,0,0,9315,0,0,+26 Healing Spells,0,0
2330,3,0,0,0,0,0,0,0,0,15696,0,0,+53 Healing Spells,0,0
2342,3,0,0,0,0,0,0,0,0,18047,0,0,+79 Healing Spells,0,0
2404,3,0,0,0,0,0,0,0,0,21590,0,0,+1 health every 5 sec.,0,0
2417,3,0,0,0,0,0,0,0,0,21600,0,0,+4 health every 5 sec.,0,0
1897,2,0,0,5,0,0,5,0,0,0,0,0,Weapon Damage +5,0,0
2443,3,0,0,0,0,0,0,0,0,21930,0,0,Frost Spell Damage +7,0,0
1946,3,0,0,0,0,0,0,0,0,13385,0,0,+10 Skill Defense,0,0
1950,3,0,0,0,0,0,0,0,0,13390,0,0,+15 Skill Defense,0,0
1984,3,0,0,0,0,0,0,0,0,21471,0,0,+2% Block,0,0
1990,3,3,0,0,0,0,0,0,0,21469,7506,0,Block Level 17,0,0
1997,3,3,0,0,0,0,0,0,0,21471,7509,0,Block Level 24,0,0
2006,3,3,0,0,0,0,0,0,0,21475,9121,0,Block Level 33,0,0
2010,3,3,0,0,0,0,0,0,0,21475,9123,0,Block Level 37,0,0
2014,3,3,0,0,0,0,0,0,0,21478,9123,0,Block Level 41,0,0
2021,3,3,0,0,0,0,0,0,0,21478,9267,0,Block Level 48,0,0
2026,3,3,0,0,0,0,0,0,0,21478,14488,0,Block Level 53,0,0
2031,3,3,0,0,0,0,0,0,0,21478,14489,0,Block Level 58,0,0
2037,3,3,0,0,0,0,0,0,0,21478,14491,0,Block Level 64,0,0
2044,3,0,0,0,0,0,0,0,0,21430,0,0,+12 Ranged Attack Power,0,0
2204,3,0,0,0,0,0,0,0,0,21510,0,0,+17 Holy Spell Damage,0,0
2215,3,0,0,0,0,0,0,0,0,21521,0,0,+33 Holy Spell Damage,0,0
2226,3,0,0,0,0,0,0,0,0,21532,0,0,+49 Holy Spell Damage,0,0
2423,3,0,0,0,0,0,0,0,0,21605,0,0,+6 health every 5 sec.,0,0
2127,3,0,0,0,0,0,0,0,0,9324,0,0,+16 Shadow Spell Damage,0,0
2152,3,0,0,0,0,0,0,0,0,18026,0,0,+51 Shadow Spell Damage,0,0
1347,3,0,0,0,0,0,0,0,0,14593,0,0,+13 Fire Resistance,0,0
2005,3,3,0,0,0,0,0,0,0,21475,9121,0,Block Level 32,0,0
1354,3,0,0,0,0,0,0,0,0,14600,0,0,+20 Fire Resistance,0,0
1360,3,0,0,0,0,0,0,0,0,14606,0,0,+26 Fire Resistance,0,0
2253,3,0,0,0,0,0,0,0,0,17895,0,0,+33 Frost Spell Damage,0,0
2283,3,0,0,0,0,0,0,0,0,9361,0,0,+21 Nature Spell Damage,0,0
2316,3,0,0,0,0,0,0,0,0,9408,0,0,+22 Healing Spells,0,0
2403,3,0,0,0,0,0,0,0,0,21589,0,0,+1 health every 5 sec.,0,0
2431,3,0,0,0,0,0,0,0,0,21611,0,0,+8 health every 5 sec.,0,0
2139,3,0,0,0,0,0,0,0,0,18013,0,0,+33 Shadow Spell Damage,0,0
2148,3,0,0,0,0,0,0,0,0,18022,0,0,+46 Shadow Spell Damage,0,0
2157,3,0,0,0,0,0,0,0,0,7685,0,0,+4 Fire Spell Damage,0,0
2188,3,0,0,0,0,0,0,0,0,17882,0,0,+49 Fire Spell Damage,0,0
2207,3,0,0,0,0,0,0,0,0,21513,0,0,+21 Holy Spell Damage,0,0
2225,3,0,0,0,0,0,0,0,0,21531,0,0,+47 Holy Spell Damage,0,0
2034,3,3,0,0,0,0,0,0,0,21478,14490,0,Block Level 61,0,0
2089,3,0,0,0,0,0,0,0,0,13601,0,0,+16 Arcane Spell Damage,0,0
2206,3,0,0,0,0,0,0,0,0,21512,0,0,+20 Holy Spell Damage,0,0
1923,3,0,0,0,0,0,0,0,0,7852,0,0,+3 Fire Resistance,0,0
2245,3,0,0,0,0,0,0,0,0,9308,0,0,+21 Frost Spell Damage,0,0
2255,3,0,0,0,0,0,0,0,0,17897,0,0,+36 Frost Spell Damage,0,0
2201,3,0,0,0,0,0,0,0,0,21507,0,0,+13 Holy Spell Damage,0,0
2312,3,0,0,0,0,0,0,0,0,7680,0,0,+13 Healing Spells,0,0
2324,3,0,0,0,0,0,0,0,0,18031,0,0,+40 Healing Spells,0,0
2030,3,3,0,0,0,0,0,0,0,21478,14489,0,Block Level 57,0,0
2504,3,0,0,0,0,0,0,0,0,22747,0,0,Spell Damage +30,0,0
2505,3,0,0,0,0,0,0,0,0,22748,0,0,Healing Spells +55,0,0
2506,3,0,0,0,0,0,0,0,0,22755,0,0,Critical +2%,0,0
1369,3,0,0,0,0,0,0,0,0,14615,0,0,+35 Fire Resistance,0,0
1215,3,0,0,0,0,0,0,0,0,14935,0,0,+41 Agility,0,0
2286,3,0,0,0,0,0,0,0,0,17989,0,0,+26 Nature Spell Damage,0,0
2367,3,0,0,0,0,0,0,0,0,21623,0,0,+2 mana every 5 sec.,0,0
2437,3,0,0,0,0,0,0,0,0,21616,0,0,+9 health every 5 sec.,0,0
1948,3,0,0,0,0,0,0,0,0,13388,0,0,+13 Skill Defense,0,0
1954,3,0,0,0,0,0,0,0,0,13389,0,0,+25 Skill Defense,0,0
1956,3,0,0,0,0,0,0,0,0,21407,0,0,+17 Skill Defense,0,0
1962,3,0,0,0,0,0,0,0,0,21424,0,0,+26 Skill Defense,0,0
1963,3,0,0,0,0,0,0,0,0,21413,0,0,+27 Skill Defense,0,0
1967,3,0,0,0,0,0,0,0,0,21417,0,0,+31 Skill Defense,0,0
1973,3,0,0,0,0,0,0,0,0,21423,0,0,+38 Skill Defense,0,0
1996,3,3,0,0,0,0,0,0,0,21471,7509,0,Block Level 23,0,0
2007,3,3,0,0,0,0,0,0,0,21475,9121,0,Block Level 34,0,0
2013,3,3,0,0,0,0,0,0,0,21478,9123,0,Block Level 40,0,0
2022,3,3,0,0,0,0,0,0,0,21478,9267,0,Block Level 49,0,0
2029,3,3,0,0,0,0,0,0,0,21478,14488,0,Block Level 56,0,0
2040,3,0,0,0,0,0,0,0,0,21426,0,0,+2 Ranged Attack Power,0,0
2054,3,0,0,0,0,0,0,0,0,21440,0,0,+36 Ranged Attack Power,0,0
2380,3,0,0,0,0,0,0,0,0,21628,0,0,+7 mana every 5 sec.,0,0
2180,3,0,0,0,0,0,0,0,0,17874,0,0,+37 Fire Spell Damage,0,0
2198,3,0,0,0,0,0,0,0,0,21504,0,0,+9 Holy Spell Damage,0,0
2213,3,0,0,0,0,0,0,0,0,21519,0,0,+30 Holy Spell Damage,0,0
2051,3,0,0,0,0,0,0,0,0,21437,0,0,+29 Ranged Attack Power,0,0
2094,3,0,0,0,0,0,0,0,0,17821,0,0,+23 Arcane Spell Damage,0,0
2266,3,0,0,0,0,0,0,0,0,17909,0,0,+51 Frost Spell Damage,0,0
2317,3,0,0,0,0,0,0,0,0,9314,0,0,+24 Healing Spells,0,0
2368,3,0,0,0,0,0,0,0,0,21624,0,0,+2 mana every 5 sec.,0,0
1955,3,0,0,0,0,0,0,0,0,17513,0,0,+32 Skill Defense,0,0
2025,3,3,0,0,0,0,0,0,0,21478,13198,0,Block Level 52,0,0
2038,3,3,0,0,0,0,0,0,0,21478,14492,0,Block Level 65,0,0
1987,3,3,0,0,0,0,0,0,0,21469,7465,0,Block Level 14,0,0
2063,3,0,0,0,0,0,0,0,0,21449,0,0,+58 Ranged Attack Power,0,0
2087,3,0,0,0,0,0,0,0,0,13598,0,0,+13 Arcane Spell Damage,0,0
2093,3,0,0,0,0,0,0,0,0,13605,0,0,+21 Arcane Spell Damage,0,0
2153,3,0,0,0,0,0,0,0,0,18027,0,0,+53 Shadow Spell Damage,0,0
2364,3,0,0,0,0,0,0,0,0,21621,0,0,+1 mana every 5 sec.,0,0
2388,3,0,0,0,0,0,0,0,0,21633,0,0,+10 mana every 5 sec.,0,0
705,1,0,0,30,0,0,30,0,0,13223,0,0,Wound Poison III,0,0
2218,3,0,0,0,0,0,0,0,0,21524,0,0,+37 Holy Spell Damage,0,0
2223,3,0,0,0,0,0,0,0,0,21529,0,0,+44 Holy Spell Damage,0,0
1951,3,0,0,0,0,0,0,0,0,18185,0,0,+16 Skill Defense,0,0
2275,3,0,0,0,0,0,0,0,0,7696,0,0,+10 Nature Spell Damage,0,0
2281,3,0,0,0,0,0,0,0,0,9359,0,0,+19 Nature Spell Damage,0,0
348,4,0,0,48,0,0,48,0,0,0,0,0,+48 Armor,0,0
1353,3,0,0,0,0,0,0,0,0,14599,0,0,+19 Fire Resistance,0,0
1396,3,0,0,0,0,0,0,0,0,14637,0,0,+16 Nature Resistance,0,0
1053,3,0,0,0,0,0,0,0,0,14498,0,0,+26 Strength,0,0
1138,3,0,0,0,0,0,0,0,0,14425,0,0,+35 Intellect,0,0
1220,3,0,0,0,0,0,0,0,0,14940,0,0,+46 Agility,0,0
1594,3,0,0,0,0,0,0,0,0,9334,0,0,+26 Attack Power,0,0
1620,3,0,0,0,0,0,0,0,0,15825,0,0,+78 Attack Power,0,0
2483,3,0,0,0,0,0,0,0,0,14585,0,0,+5 Fire Resistance,0,0
2484,3,0,0,0,0,0,0,0,0,14546,0,0,+5 Frost Resistance,0,0
2485,3,0,0,0,0,0,0,0,0,14707,0,0,+5 Arcane Resistance,0,0
2486,3,0,0,0,0,0,0,0,0,14626,0,0,+5 Nature Resistance,0,0
2487,3,0,0,0,0,0,0,0,0,14668,0,0,+5 Shadow Resistance,0,0
2488,3,0,0,0,0,0,0,0,0,18676,0,0,+5 All Resistances,0,0
2503,3,0,0,0,0,0,0,0,0,7516,0,0,Defense +5,0,0
1472,3,0,0,0,0,0,0,0,0,14995,0,0,+46 Shadow Resistance,0,0
2018,3,3,0,0,0,0,0,0,0,21478,9266,0,Block Level 45,0,0
2050,3,0,0,0,0,0,0,0,0,21436,0,0,+26 Ranged Attack Power,0,0
1278,3,0,0,0,0,0,0,0,0,14738,0,0,+36 Arcane Resistance,0,0
1288,3,0,0,0,0,0,0,0,0,14970,0,0,+46 Arcane Resistance,0,0
1643,2,0,0,8,0,0,8,0,0,0,0,0,Sharpened +8,0,0
1683,1,0,0,100,0,0,100,0,0,16389,0,0,Flametongue Totem 4,0,0
1334,3,0,0,0,0,0,0,0,0,14982,0,0,+46 Frost Resistance,0,0
1341,3,0,0,0,0,0,0,0,0,14587,0,0,+7 Fire Resistance,0,0
2076,3,0,0,0,0,0,0,0,0,21461,0,0,+89 Ranged Attack Power,0,0
2088,3,0,0,0,0,0,0,0,0,13599,0,0,+14 Arcane Spell Damage,0,0
2098,3,0,0,0,0,0,0,0,0,17825,0,0,+29 Arcane Spell Damage,0,0
2110,3,0,0,0,0,0,0,0,0,17842,0,0,+46 Arcane Spell Damage,0,0
1900,1,0,0,0,0,0,0,0,0,20007,0,0,Crusader,0,0
2237,3,0,0,0,0,0,0,0,0,7703,0,0,+10 Frost Spell Damage,0,0
2242,3,0,0,0,0,0,0,0,0,9305,0,0,+17 Frost Spell Damage,0,0
2248,3,0,0,0,0,0,0,0,0,17891,0,0,+26 Frost Spell Damage,0,0
2259,3,0,0,0,0,0,0,0,0,17901,0,0,+41 Frost Spell Damage,0,0
2265,3,0,0,0,0,0,0,0,0,17908,0,0,+50 Frost Spell Damage,0,0
2270,3,0,0,0,0,0,0,0,0,7691,0,0,+3 Nature Spell Damage,0,0
2277,3,0,0,0,0,0,0,0,0,9410,0,0,+13 Nature Spell Damage,0,0
2280,3,0,0,0,0,0,0,0,0,9358,0,0,+17 Nature Spell Damage,0,0
2284,3,0,0,0,0,0,0,0,0,17987,0,0,+23 Nature Spell Damage,0,0
2289,3,0,0,0,0,0,0,0,0,17991,0,0,+30 Nature Spell Damage,0,0
2290,3,0,0,0,0,0,0,0,0,17992,0,0,+31 Nature Spell Damage,0,0
2134,3,0,0,0,0,0,0,0,0,18008,0,0,+26 Shadow Spell Damage,0,0
2298,3,0,0,0,0,0,0,0,0,17999,0,0,+43 Nature Spell Damage,0,0
2336,3,0,0,0,0,0,0,0,0,18041,0,0,+66 Healing Spells,0,0
2414,3,0,0,0,0,0,0,0,0,21598,0,0,+4 health every 5 sec.,0,0
2422,3,0,0,0,0,0,0,0,0,21604,0,0,+6 health every 5 sec.,0,0
2563,3,0,0,0,0,0,0,0,0,23793,0,0,Strength +15,0,0
2564,3,0,0,0,0,0,0,0,0,23794,0,0,Agility +15,0,0
1619,3,0,0,0,0,0,0,0,0,15824,0,0,+76 Attack Power,0,0
1623,3,0,0,0,0,0,0,0,0,15828,0,0,+84 Attack Power,0,0
2046,3,0,0,0,0,0,0,0,0,21432,0,0,+17 Ranged Attack Power,0,0
2065,3,0,0,0,0,0,0,0,0,21450,0,0,+62 Ranged Attack Power,0,0
2092,3,0,0,0,0,0,0,0,0,13604,0,0,+20 Arcane Spell Damage,0,0
2096,3,0,0,0,0,0,0,0,0,17823,0,0,+26 Arcane Spell Damage,0,0
2103,3,0,0,0,0,0,0,0,0,17830,0,0,+36 Arcane Spell Damage,0,0
2115,3,0,0,0,0,0,0,0,0,17848,0,0,+53 Arcane Spell Damage,0,0
2121,3,0,0,0,0,0,0,0,0,7708,0,0,+7 Shadow Spell Damage,0,0
2308,3,0,0,0,0,0,0,0,0,7676,0,0,+4 Healing Spells,0,0
2320,3,0,0,0,0,0,0,0,0,9317,0,0,+31 Healing Spells,0,0
2162,3,0,0,0,0,0,0,0,0,9399,0,0,+11 Fire Spell Damage,0,0
2168,3,0,0,0,0,0,0,0,0,9297,0,0,+20 Fire Spell Damage,0,0
2173,3,0,0,0,0,0,0,0,0,17868,0,0,+27 Fire Spell Damage,0,0
2179,3,0,0,0,0,0,0,0,0,17873,0,0,+36 Fire Spell Damage,0,0
1530,3,0,0,0,0,0,0,0,0,15456,0,0,SPI/FR +10/14,0,0
1531,3,0,0,0,0,0,0,0,0,15461,0,0,STR/STA +10/10,0,0
1615,3,0,0,0,0,0,0,0,0,15819,0,0,+68 Attack Power,0,0
1626,3,0,0,0,0,0,0,0,0,15831,0,0,+90 Attack Power,0,0
1895,2,0,0,9,0,0,9,0,0,0,0,0,Damage +9,0,0
1969,3,0,0,0,0,0,0,0,0,21419,0,0,+34 Skill Defense,0,0
2017,3,3,0,0,0,0,0,0,0,21478,9123,0,Block Level 44,0,0
2113,3,0,0,0,0,0,0,0,0,17846,0,0,+50 Arcane Spell Damage,0,0
2118,3,0,0,0,0,0,0,0,0,7705,0,0,+3 Shadow Spell Damage,0,0
2120,3,0,0,0,0,0,0,0,0,7707,0,0,+6 Shadow Spell Damage,0,0
2331,3,0,0,0,0,0,0,0,0,18036,0,0,+55 Healing Spells,0,0
2341,3,0,0,0,0,0,0,0,0,18046,0,0,+77 Healing Spells,0,0
2366,3,0,0,0,0,0,0,0,0,21360,0,0,+2 mana every 5 sec.,0,0
2379,3,0,0,0,0,0,0,0,0,21364,0,0,+7 mana every 5 sec.,0,0
2393,3,0,0,0,0,0,0,0,0,21637,0,0,+12 mana every 5 sec.,0,0
2395,3,0,0,0,0,0,0,0,0,21639,0,0,+13 mana every 5 sec.,0,0
2398,3,0,0,0,0,0,0,0,0,21642,0,0,+14 mana every 5 sec.,0,0
2252,3,0,0,0,0,0,0,0,0,17894,0,0,+31 Frost Spell Damage,0,0
2144,3,0,0,0,0,0,0,0,0,18018,0,0,+40 Shadow Spell Damage,0,0
2055,3,0,0,0,0,0,0,0,0,21441,0,0,+38 Ranged Attack Power,0,0
2261,3,0,0,0,0,0,0,0,0,17903,0,0,+44 Frost Spell Damage,0,0
1101,3,0,0,0,0,0,0,0,0,14388,0,0,+24 Agility,0,0
1102,3,0,0,0,0,0,0,0,0,14389,0,0,+25 Agility,0,0
2102,3,0,0,0,0,0,0,0,0,17829,0,0,+34 Arcane Spell Damage,0,0
2104,3,0,0,0,0,0,0,0,0,17832,0,0,+37 Arcane Spell Damage,0,0
2232,3,0,0,0,0,0,0,0,0,7698,0,0,+3 Frost Spell Damage,0,0
2234,3,0,0,0,0,0,0,0,0,7700,0,0,+6 Frost Spell Damage,0,0
1253,3,0,0,0,0,0,0,0,0,14713,0,0,+11 Arcane Resistance,0,0
1254,3,0,0,0,0,0,0,0,0,14714,0,0,+12 Arcane Resistance,0,0
1344,3,0,0,0,0,0,0,0,0,14590,0,0,+10 Fire Resistance,0,0
1348,3,0,0,0,0,0,0,0,0,14594,0,0,+14 Fire Resistance,0,0
1349,3,0,0,0,0,0,0,0,0,14595,0,0,+15 Fire Resistance,0,0
1372,3,0,0,0,0,0,0,0,0,14618,0,0,+38 Fire Resistance,0,0
2463,3,0,0,0,0,0,0,0,0,13652,0,0,+7 Fire Resistance,0,0
1305,3,0,0,0,0,0,0,0,0,14557,0,0,+17 Frost Resistance,0,0
1308,3,0,0,0,0,0,0,0,0,14559,0,0,+20 Frost Resistance,0,0
1309,3,0,0,0,0,0,0,0,0,14560,0,0,+21 Frost Resistance,0,0
1313,3,0,0,0,0,0,0,0,0,14563,0,0,+25 Frost Resistance,0,0
1314,3,0,0,0,0,0,0,0,0,14564,0,0,+26 Frost Resistance,0,0
1323,3,0,0,0,0,0,0,0,0,14574,0,0,+35 Frost Resistance,0,0
1297,3,0,0,0,0,0,0,0,0,14549,0,0,+9 Frost Resistance,0,0
1888,3,0,0,0,0,0,0,0,0,19992,0,0,+5 All Resistances,0,0
1423,3,0,0,0,0,0,0,0,0,14986,0,0,+43 Nature Resistance,0,0
1425,3,0,0,0,0,0,0,0,0,14988,0,0,+45 Nature Resistance,0,0
1164,3,0,0,0,0,0,0,0,0,14457,0,0,+36 Spirit,0,0
1903,3,0,0,0,0,0,0,0,0,19986,0,0,Spirit +9,0,0
2128,3,0,0,0,0,0,0,0,0,9325,0,0,+17 Shadow Spell Damage,0,0
2133,3,0,0,0,0,0,0,0,0,14794,0,0,+24 Shadow Spell Damage,0,0
2140,3,0,0,0,0,0,0,0,0,18014,0,0,+34 Shadow Spell Damage,0,0
2145,3,0,0,0,0,0,0,0,0,18019,0,0,+41 Shadow Spell Damage,0,0
2155,3,0,0,0,0,0,0,0,0,7683,0,0,+1 Fire Spell Damage,0,0
2156,3,0,0,0,0,0,0,0,0,7684,0,0,+3 Fire Spell Damage,0,0
2229,3,0,0,0,0,0,0,0,0,21535,0,0,+53 Holy Spell Damage,0,0
2299,3,0,0,0,0,0,0,0,0,18000,0,0,+44 Nature Spell Damage,0,0
906,3,0,0,0,0,0,0,0,0,13838,0,0,Mining +5,0,0
1528,3,0,0,0,0,0,0,0,0,15445,0,0,AGI/FR +10/14,0,0
1949,3,0,0,0,0,0,0,0,0,18369,0,0,+14 Skill Defense,0,0
2325,3,0,0,0,0,0,0,0,0,18032,0,0,+42 Healing Spells,0,0
2394,3,0,0,0,0,0,0,0,0,21638,0,0,+13 mana every 5 sec.,0,0
2297,3,0,0,0,0,0,0,0,0,17998,0,0,+41 Nature Spell Damage,0,0
2302,3,0,0,0,0,0,0,0,0,18003,0,0,+49 Nature Spell Damage,0,0
2263,3,0,0,0,0,0,0,0,0,17906,0,0,+47 Frost Spell Damage,0,0
2056,3,0,0,0,0,0,0,0,0,21442,0,0,+41 Ranged Attack Power,0,0
1896,2,0,0,9,0,0,9,0,0,0,0,0,Weapon Damage +9,0,0
1964,3,0,0,0,0,0,0,0,0,21414,0,0,+28 Skill Defense,0,0
2048,3,0,0,0,0,0,0,0,0,21434,0,0,+22 Ranged Attack Power,0,0
2060,3,0,0,0,0,0,0,0,0,21446,0,0,+50 Ranged Attack Power,0,0
2175,3,0,0,0,0,0,0,0,0,17869,0,0,+30 Fire Spell Damage,0,0
2176,3,0,0,0,0,0,0,0,0,17870,0,0,+31 Fire Spell Damage,0,0
2191,3,0,0,0,0,0,0,0,0,17886,0,0,+53 Fire Spell Damage,0,0
2195,3,0,0,0,0,0,0,0,0,21501,0,0,+4 Holy Spell Damage,0,0
2197,3,0,0,0,0,0,0,0,0,21503,0,0,+7 Holy Spell Damage,0,0
2203,3,0,0,0,0,0,0,0,0,21509,0,0,+16 Holy Spell Damage,0,0
2210,3,0,0,0,0,0,0,0,0,21516,0,0,+26 Holy Spell Damage,0,0
2217,3,0,0,0,0,0,0,0,0,21523,0,0,+36 Holy Spell Damage,0,0
2222,3,0,0,0,0,0,0,0,0,21528,0,0,+43 Holy Spell Damage,0,0
2262,3,0,0,0,0,0,0,0,0,17905,0,0,+46 Frost Spell Damage,0,0
2292,3,0,0,0,0,0,0,0,0,16638,0,0,+34 Nature Spell Damage,0,0
2329,3,0,0,0,0,0,0,0,0,18035,0,0,+51 Healing Spells,0,0
2334,3,0,0,0,0,0,0,0,0,18039,0,0,+62 Healing Spells,0,0
2343,3,0,0,0,0,0,0,0,0,18048,0,0,+81 Healing Spells,0,0
2365,3,0,0,0,0,0,0,0,0,21622,0,0,+1 mana every 5 sec.,0,0
2369,3,0,0,0,0,0,0,0,0,21361,0,0,+3 mana every 5 sec.,0,0
2377,3,0,0,0,0,0,0,0,0,18379,0,0,+6 mana every 5 sec.,0,0
2383,3,0,0,0,0,0,0,0,0,21630,0,0,+8 mana every 5 sec.,0,0
2385,3,0,0,0,0,0,0,0,0,21631,0,0,+9 mana every 5 sec.,0,0
2392,3,0,0,0,0,0,0,0,0,21636,0,0,+12 mana every 5 sec.,0,0
2399,3,0,0,0,0,0,0,0,0,21643,0,0,+15 mana every 5 sec.,0,0
2406,3,0,0,0,0,0,0,0,0,21346,0,0,+2 health every 5 sec.,0,0
2409,3,0,0,0,0,0,0,0,0,21594,0,0,+2 health every 5 sec.,0,0
2219,3,0,0,0,0,0,0,0,0,21525,0,0,+39 Holy Spell Damage,0,0
2220,3,0,0,0,0,0,0,0,0,21526,0,0,+40 Holy Spell Damage,0,0
2412,3,0,0,0,0,0,0,0,0,21596,0,0,+3 health every 5 sec.,0,0
2416,3,0,0,0,0,0,0,0,0,21599,0,0,+4 health every 5 sec.,0,0
2420,3,0,0,0,0,0,0,0,0,20885,0,0,+5 health every 5 sec.,0,0
2425,3,0,0,0,0,0,0,0,0,21349,0,0,+6 health every 5 sec.,0,0
1332,3,0,0,0,0,0,0,0,0,14980,0,0,+44 Frost Resistance,0,0
1426,3,0,0,0,0,0,0,0,0,14989,0,0,+46 Nature Resistance,0,0
1970,3,0,0,0,0,0,0,0,0,21420,0,0,+35 Skill Defense,0,0
2071,3,0,0,0,0,0,0,0,0,21456,0,0,+77 Ranged Attack Power,0,0
230,3,0,0,0,0,0,0,0,0,7700,0,0,Increases Frost Effects +6,0,0
287,3,0,0,0,0,0,0,0,0,7721,0,0,+4 Weapon Fire Damage,0,0
27,2,0,0,-10,0,0,-10,0,0,0,0,0,Sundered,0,0
64,3,0,0,0,0,0,0,0,0,7450,0,0,Spirit +3,0,0
179,3,0,0,0,0,0,0,0,0,7583,0,0,Gun Skill +6,0,0
443,3,0,0,0,0,0,0,0,0,9409,0,0,Increases Nature Effects +11,0,0
210,3,0,0,0,0,0,0,0,0,7679,0,0,Increases Healing +11,0,0
217,3,0,0,0,0,0,0,0,0,7687,0,0,Increases Fire Effects +7,0,0
226,3,0,0,0,0,0,0,0,0,7696,0,0,Increases Nature Effects +10,0,0
233,3,0,0,0,0,0,0,0,0,7703,0,0,Increases Frost Effects +10,0,0
32,2,0,0,2,0,0,2,0,0,0,0,0,Scope (+2 Damage),0,0
2131,3,0,0,0,0,0,0,0,0,9328,0,0,+21 Shadow Spell Damage,0,0
2150,3,0,0,0,0,0,0,0,0,18024,0,0,+49 Shadow Spell Damage,0,0
2161,3,0,0,0,0,0,0,0,0,7689,0,0,+10 Fire Spell Damage,0,0
2164,3,0,0,0,0,0,0,0,0,9401,0,0,+14 Fire Spell Damage,0,0
2169,3,0,0,0,0,0,0,0,0,9298,0,0,+21 Fire Spell Damage,0,0
2177,3,0,0,0,0,0,0,0,0,17871,0,0,+33 Fire Spell Damage,0,0
2178,3,0,0,0,0,0,0,0,0,17872,0,0,+34 Fire Spell Damage,0,0
2183,3,0,0,0,0,0,0,0,0,17876,0,0,+41 Fire Spell Damage,0,0
2186,3,0,0,0,0,0,0,0,0,17880,0,0,+46 Fire Spell Damage,0,0
2194,3,0,0,0,0,0,0,0,0,21500,0,0,+3 Holy Spell Damage,0,0
2543,3,0,0,0,0,0,0,0,0,22841,0,0,Attack Speed +1%,0,0
2545,3,0,0,0,0,0,0,0,0,22847,0,0,Dodge 1%,0,0
2523,3,0,0,0,0,0,0,0,0,22780,0,0,+3% Hit,0,0
2544,3,0,0,0,0,0,0,0,0,22843,0,0,Healing and Spell Damage +8,0,0
1543,3,3,0,0,0,0,0,0,0,15489,15488,0,INT/SPI/MANA/FR +10/10/100/15,0,0
1583,3,0,0,0,0,0,0,0,0,9137,0,0,+4 Attack Power,0,0
1601,3,0,0,0,0,0,0,0,0,14049,0,0,+40 Attack Power,0,0
1607,3,0,0,0,0,0,0,0,0,15812,0,0,+52 Attack Power,0,0
1611,3,0,0,0,0,0,0,0,0,14052,0,0,+60 Attack Power,0,0
